Category	Topic / Chapter	Lecture # in Topic	Lecture Title	Current YouTube URL	Current Playlist URL(s)	MyNotes URL	MyNotes_old URL	JEE Syllabus Unit	JEE Syllabus Unit Name	Syllabus Mapping Confidence	Source Plan Status	Recommended Primary Source	Recommended Source URL	Source Plan Notes	
Physical Chemistry	Some Basic Concepts in Chemistry	1	Laws of Chemical Combination	https://www.youtube.com/watch?v=Qy0Q_AYs63Y	https://www.youtube.com/playlist?list=PLF_7kfnwLFCHzAKa-IGFTkzNKWgHWaqe5	01_physical_chem_lectures/01_some_basic_concepts_in_chemistry/01_laws_of_chemical_combination.html		Unit 1	Some Basic Concepts in Chemistry	High	Keep current source / no change decided				
Physical Chemistry	Some Basic Concepts in Chemistry	2	Concentration terms: Mole Fraction	https://www.youtube.com/watch?v=3vwSPlDrgtU	https://www.youtube.com/playlist?list=PLF_7kfnwLFCHzAKa-IGFTkzNKWgHWaqe5	01_physical_chem_lectures/01_some_basic_concepts_in_chemistry/02_concentration_terms_mole_fraction.html		Unit 1	Some Basic Concepts in Chemistry	High	Keep current source / no change decided				
Physical Chemistry	Some Basic Concepts in Chemistry	3	Mole Concept, Stoichiometry, Percentage Composition	https://www.youtube.com/watch?v=omuhMcN9z-M	https://www.youtube.com/playlist?list=PLF_7kfnwLFCHzAKa-IGFTkzNKWgHWaqe5	01_physical_chem_lectures/01_some_basic_concepts_in_chemistry/03_mole_concept_stoichiometry_percentage_composition.html		Unit 1	Some Basic Concepts in Chemistry	High	Keep current source / no change decided				
Physical Chemistry	Some Basic Concepts in Chemistry	4	Molarity and Molality	https://www.youtube.com/watch?v=xv908em4LtY&t=0s	https://www.youtube.com/playlist?list=PLF_7kfnwLFCHzAKa-IGFTkzNKWgHWaqe5	01_physical_chem_lectures/01_some_basic_concepts_in_chemistry/04_molarity_and_molality_molarity_molality.html		Unit 1	Some Basic Concepts in Chemistry	High	Keep current source / no change decided				
Physical Chemistry	Some Basic Concepts in Chemistry	5	Equivalent Weight and Gram Equivalent part 1	https://www.youtube.com/watch?v=OfXYPCM0zHg	https://www.youtube.com/playlist?list=PLF_7kfnwLFCHzAKa-IGFTkzNKWgHWaqe5	01_physical_chem_lectures/01_some_basic_concepts_in_chemistry/05_equivalent_weight_and_gram_equivalent_part_1.html		Unit 1	Some Basic Concepts in Chemistry	High	Keep current source / no change decided				
Physical Chemistry	Some Basic Concepts in Chemistry	6	Normality	https://www.youtube.com/watch?v=43o9FK_9BTQ	https://www.youtube.com/playlist?list=PLF_7kfnwLFCHzAKa-IGFTkzNKWgHWaqe5	01_physical_chem_lectures/01_some_basic_concepts_in_chemistry/06_normality.html		Unit 1	Some Basic Concepts in Chemistry	High	Keep current source / no change decided				
Physical Chemistry	Atomic Structure	1	Cathode Ray || Rutherford Alpha particle scattering experiment	https://youtu.be/Oj-vA63nsBI	https://www.youtube.com/playlist?list=PLF_7kfnwLFCFnjki8KSeTQHyJ7OkdBdNA	01_physical_chem_lectures/02_atomic_structure/01_cathode_ray_rutherford_alpha_particle_scattering_experiment.html	01_physical_chem_lectures/02_atomic_structure_OLD/01_cathode_ray_rutherford_alpha_particle_scattering_experiment.html	Unit 2	Atomic Structure	High	Keep current source / no change decided				
Physical Chemistry	Atomic Structure	2	Bohr’s Atomic Model	https://youtu.be/w1gxYuOihJ4	https://www.youtube.com/playlist?list=PLF_7kfnwLFCFnjki8KSeTQHyJ7OkdBdNA	01_physical_chem_lectures/02_atomic_structure/02_bohrs_atomic_model.html	01_physical_chem_lectures/02_atomic_structure_OLD/02_bohrs_atomic_model.html	Unit 2	Atomic Structure	High	Keep current source / no change decided				
Physical Chemistry	Atomic Structure	3	Atomic Spectrum || Hydrogen Spectrum	https://youtu.be/nRmfrVR4uC8	https://www.youtube.com/playlist?list=PLF_7kfnwLFCFnjki8KSeTQHyJ7OkdBdNA	01_physical_chem_lectures/02_atomic_structure/03_atomic_spectrum_hydrogen_spectrum.html	01_physical_chem_lectures/02_atomic_structure_OLD/03_atomic_spectrum_hydrogen_spectrum.html	Unit 2	Atomic Structure	High	Keep current source / no change decided				
Physical Chemistry	Atomic Structure	4	De Broglie Wavelength || Heisenberg’s Uncertainty Principle	https://youtu.be/YqUSyPUFVVY	https://www.youtube.com/playlist?list=PLF_7kfnwLFCFnjki8KSeTQHyJ7OkdBdNA	01_physical_chem_lectures/02_atomic_structure/04_de_broglie_wavelength_heisenbergs_uncertainty_principle.html		Unit 2	Atomic Structure	High	Keep current source / no change decided				
Physical Chemistry	Atomic Structure	5	Quantum Number’s || Pauli’s Exclusion Principle	https://youtu.be/fOTAD7DmbzY	https://www.youtube.com/playlist?list=PLF_7kfnwLFCFnjki8KSeTQHyJ7OkdBdNA	01_physical_chem_lectures/02_atomic_structure/05_quantum_numbers_paulis_exclusion_principle.html		Unit 2	Atomic Structure	High	Keep current source / no change decided				
Physical Chemistry	Atomic Structure	6	Aufbau’s Principle || Rules for filling electrons	https://youtu.be/rvA3K-ORxPg	https://www.youtube.com/playlist?list=PLF_7kfnwLFCFnjki8KSeTQHyJ7OkdBdNA	01_physical_chem_lectures/02_atomic_structure/06_aufbaus_principle_rules_for_filling_electrons.html		Unit 2	Atomic Structure	High	Keep current source / no change decided				
Physical Chemistry	Atomic Structure	7	Hund’s Rule for Maximum Multiplicity	https://youtu.be/eMgVB0zoiPo	https://www.youtube.com/playlist?list=PLF_7kfnwLFCFnjki8KSeTQHyJ7OkdBdNA	01_physical_chem_lectures/02_atomic_structure/07_hunds_rule_for_maximum_multiplicity.html		Unit 2	Atomic Structure	High	Keep current source / no change decided				
Physical Chemistry	Atomic Structure	8	How to do Electronic Configuration	https://youtu.be/ICHMWOFTlV8	https://www.youtube.com/playlist?list=PLF_7kfnwLFCFnjki8KSeTQHyJ7OkdBdNA	01_physical_chem_lectures/02_atomic_structure/08_how_to_do_electronic_configuration.html		Unit 2	Atomic Structure	High	Keep current source / no change decided				
Physical Chemistry	Chemical Bonding and Molecular Structure	1	Intro to Chemical Bonds	https://youtu.be/daPAcFFSFdY	https://www.youtube.com/playlist?list=PLF_7kfnwLFCGzzyaPRyNjSXRRR7W_qmny	01_physical_chem_lectures/03_chemical_bonding/01_intro_to_chemical_bonds.html	01_physical_chem_lectures/03_chemical_bonding_OLD/01_intro_to_chemical_bonds.html	Unit 3	Chemical Bonding and Molecular Structure	High	Keep current source / no change decided				
Physical Chemistry	Chemical Bonding and Molecular Structure	2	Ionic Bonds	https://youtu.be/OqdNZTHxPxM	https://www.youtube.com/playlist?list=PLF_7kfnwLFCGzzyaPRyNjSXRRR7W_qmny	01_physical_chem_lectures/03_chemical_bonding/02_ionic_bonds.html	01_physical_chem_lectures/03_chemical_bonding_OLD/02_ionic_bonds.html	Unit 3	Chemical Bonding and Molecular Structure	High	Keep current source / no change decided				
Physical Chemistry	Chemical Bonding and Molecular Structure	3	Lattice Energy and Born-Haber Cycle	https://youtu.be/ch9HorGagHE	https://www.youtube.com/playlist?list=PLF_7kfnwLFCGzzyaPRyNjSXRRR7W_qmny	01_physical_chem_lectures/03_chemical_bonding/03_lattice_energy_and_born_haber_cycle.html	01_physical_chem_lectures/03_chemical_bonding_OLD/03_lattice_energy_and_born_haber_cycle.html	Unit 3	Chemical Bonding and Molecular Structure	High	Keep current source / no change decided				
Physical Chemistry	Chemical Bonding and Molecular Structure	4	Fajan’s Rule	https://youtu.be/d3iFlT8SlvA	https://www.youtube.com/playlist?list=PLF_7kfnwLFCGzzyaPRyNjSXRRR7W_qmny	01_physical_chem_lectures/03_chemical_bonding/04_fajans_rule.html	01_physical_chem_lectures/03_chemical_bonding_OLD/04_fajans_rule.html	Unit 3	Chemical Bonding and Molecular Structure	High	Keep current source / no change decided				
Physical Chemistry	Chemical Bonding and Molecular Structure	5	Lewis Dot structure	https://youtu.be/8-Qs1mnoJ2M	https://www.youtube.com/playlist?list=PLF_7kfnwLFCGzzyaPRyNjSXRRR7W_qmny	01_physical_chem_lectures/03_chemical_bonding/05_lewis_dot_structure.html	01_physical_chem_lectures/03_chemical_bonding_OLD/05_lewis_dot_structure.html	Unit 3	Chemical Bonding and Molecular Structure	High	Keep current source / no change decided				
Physical Chemistry	Chemical Bonding and Molecular Structure	6	VBT	https://youtu.be/8B__xDUKqbM	https://www.youtube.com/playlist?list=PLF_7kfnwLFCGzzyaPRyNjSXRRR7W_qmny	01_physical_chem_lectures/03_chemical_bonding/06_vbt.html	01_physical_chem_lectures/03_chemical_bonding_OLD/06_vbt.html	Unit 3	Chemical Bonding and Molecular Structure	High	Keep current source / no change decided				
Physical Chemistry	Chemical Bonding and Molecular Structure	7	More on VBT (Pi bonds)	https://youtu.be/IrX7AcU07To	https://www.youtube.com/playlist?list=PLF_7kfnwLFCGzzyaPRyNjSXRRR7W_qmny	01_physical_chem_lectures/03_chemical_bonding/07_more_on_vbt_pi_bonds.html	01_physical_chem_lectures/03_chemical_bonding_OLD/07_more_on_vbt_pi_bonds.html	Unit 3	Chemical Bonding and Molecular Structure	High	Keep current source / no change decided				
Physical Chemistry	Chemical Bonding and Molecular Structure	8	Hybridisation	https://youtu.be/AvhUUY8yD08	https://www.youtube.com/playlist?list=PLF_7kfnwLFCGzzyaPRyNjSXRRR7W_qmny	01_physical_chem_lectures/03_chemical_bonding/08_hybridisation.html	01_physical_chem_lectures/03_chemical_bonding_OLD/08_hybridisation.html	Unit 3	Chemical Bonding and Molecular Structure	High	Keep current source / no change decided				
Physical Chemistry	Chemical Bonding and Molecular Structure	9	VSEPR	https://youtu.be/x2-nP7i6T34	https://www.youtube.com/playlist?list=PLF_7kfnwLFCGzzyaPRyNjSXRRR7W_qmny	01_physical_chem_lectures/03_chemical_bonding/09_vsepr.html	01_physical_chem_lectures/03_chemical_bonding_OLD/09_vsepr.html	Unit 3	Chemical Bonding and Molecular Structure	High	Keep current source / no change decided				
Physical Chemistry	Chemical Bonding and Molecular Structure	10	MOT part I	https://youtu.be/TQEhLXkNdmo	https://www.youtube.com/playlist?list=PLF_7kfnwLFCGzzyaPRyNjSXRRR7W_qmny	01_physical_chem_lectures/03_chemical_bonding/10_mot_part_i.html	01_physical_chem_lectures/03_chemical_bonding_OLD/10_mot_part_i.html	Unit 3	Chemical Bonding and Molecular Structure	High	Keep current source / no change decided				
Physical Chemistry	Chemical Bonding and Molecular Structure	11	MOT part II	https://youtu.be/XCwMrnVvSTU	https://www.youtube.com/playlist?list=PLF_7kfnwLFCGzzyaPRyNjSXRRR7W_qmny	01_physical_chem_lectures/03_chemical_bonding/11_mot_part_ii.html		Unit 3	Chemical Bonding and Molecular Structure	High	Keep current source / no change decided				
Physical Chemistry	Chemical Bonding and Molecular Structure	12	Dipole Moment	https://youtu.be/4KDkldXTj6w	https://www.youtube.com/playlist?list=PLF_7kfnwLFCGzzyaPRyNjSXRRR7W_qmny	01_physical_chem_lectures/03_chemical_bonding/12_dipole_moment.html		Unit 3	Chemical Bonding and Molecular Structure	High	Keep current source / no change decided				
Physical Chemistry	Chemical Bonding and Molecular Structure	13	Bond Angle	https://youtu.be/AjWwHkAlPSo	https://www.youtube.com/playlist?list=PLF_7kfnwLFCGzzyaPRyNjSXRRR7W_qmny	01_physical_chem_lectures/03_chemical_bonding/13_bond_angle.html		Unit 3	Chemical Bonding and Molecular Structure	High	Keep current source / no change decided				
Physical Chemistry	Chemical Bonding and Molecular Structure	14	Drago's Rule	https://youtu.be/GfKmguqX-2g	https://www.youtube.com/playlist?list=PLF_7kfnwLFCGzzyaPRyNjSXRRR7W_qmny	01_physical_chem_lectures/03_chemical_bonding/14_dragos_rule.html		Unit 3	Chemical Bonding and Molecular Structure	High	Keep current source / no change decided				
Physical Chemistry	Chemical Bonding and Molecular Structure	15	Vanderwaal's Force	https://youtu.be/664YicsoYkg	https://www.youtube.com/playlist?list=PLF_7kfnwLFCGzzyaPRyNjSXRRR7W_qmny	01_physical_chem_lectures/03_chemical_bonding/15_vanderwaals_force.html		Unit 3	Chemical Bonding and Molecular Structure	High	Keep current source / no change decided				
Physical Chemistry	Chemical Bonding and Molecular Structure	16	Hydrogen Bonding	https://youtu.be/k8tYXDKb2yE	https://www.youtube.com/playlist?list=PLF_7kfnwLFCGzzyaPRyNjSXRRR7W_qmny	01_physical_chem_lectures/03_chemical_bonding/16_hydrogen_bonding.html		Unit 3	Chemical Bonding and Molecular Structure	High	Keep current source / no change decided				
Physical Chemistry	States of Matter	1	Basic Gas Laws	https://youtu.be/H4h4vsJ9it0	https://www.youtube.com/playlist?list=PLF_7kfnwLFCEzJZWNHb_K9tFC78F0AXOl	01_physical_chem_lectures/04_states_of_matter/01_basic_gas_laws.html		Not explicit in JEE Main 2025 Chemistry syllabus	States of Matter / Gaseous State	Review	Keep current source / no change decided				
Physical Chemistry	States of Matter	2	Ideal Gas Equation	https://youtu.be/cgaNiTvh33E	https://www.youtube.com/playlist?list=PLF_7kfnwLFCEzJZWNHb_K9tFC78F0AXOl	01_physical_chem_lectures/04_states_of_matter/02_ideal_gas_equation.html		Not explicit in JEE Main 2025 Chemistry syllabus	States of Matter / Gaseous State	Review	Keep current source / no change decided				
Physical Chemistry	States of Matter	3	Dalton’s Law of Partial Pressure	https://youtu.be/mbowrScsq5I	https://www.youtube.com/playlist?list=PLF_7kfnwLFCEzJZWNHb_K9tFC78F0AXOl	01_physical_chem_lectures/04_states_of_matter/03_daltons_law_of_partial_pressure.html		Not explicit in JEE Main 2025 Chemistry syllabus	States of Matter / Gaseous State	Review	Keep current source / no change decided				
Physical Chemistry	States of Matter	4	Graham’s Law of Diffusion	https://youtu.be/MS9Uk43U5eg	https://www.youtube.com/playlist?list=PLF_7kfnwLFCEzJZWNHb_K9tFC78F0AXOl	01_physical_chem_lectures/04_states_of_matter/04_grahams_law_of_diffusion.html		Not explicit in JEE Main 2025 Chemistry syllabus	States of Matter / Gaseous State	Review	Keep current source / no change decided				
Physical Chemistry	States of Matter	5	Kinetic Theory of Gases	https://youtu.be/EV6BNZ_F8zo	https://www.youtube.com/playlist?list=PLF_7kfnwLFCEzJZWNHb_K9tFC78F0AXOl	01_physical_chem_lectures/04_states_of_matter/05_kinetic_theory_of_gases.html		Not explicit in JEE Main 2025 Chemistry syllabus	States of Matter / Gaseous State	Review	Keep current source / no change decided				
Physical Chemistry	States of Matter	6	Types of Speeds of Gas Molecules	https://youtu.be/c9CRzUiDNMg	https://www.youtube.com/playlist?list=PLF_7kfnwLFCEzJZWNHb_K9tFC78F0AXOl	01_physical_chem_lectures/04_states_of_matter/06_types_of_speeds_of_gas_molecules.html		Not explicit in JEE Main 2025 Chemistry syllabus	States of Matter / Gaseous State	Review	Keep current source / no change decided				
Physical Chemistry	States of Matter	7	Real Gas and Ideal Gas || Compressibility Factor Z	https://youtu.be/MKo0d51Udxs	https://www.youtube.com/playlist?list=PLF_7kfnwLFCEzJZWNHb_K9tFC78F0AXOl	01_physical_chem_lectures/04_states_of_matter/07_real_gas_and_ideal_gas_compressibility_factor_z.html		Not explicit in JEE Main 2025 Chemistry syllabus	States of Matter / Gaseous State	Review	Keep current source / no change decided				
Physical Chemistry	States of Matter	8	Vander Waal’s Corrections	https://youtu.be/dJHs85IPs-w	https://www.youtube.com/playlist?list=PLF_7kfnwLFCEzJZWNHb_K9tFC78F0AXOl	01_physical_chem_lectures/04_states_of_matter/08_vander_waals_corrections.html		Not explicit in JEE Main 2025 Chemistry syllabus	States of Matter / Gaseous State	Review	Keep current source / no change decided				
Physical Chemistry	Chemical Thermodynamics	1	Reversible and Irreversible Process	https://youtu.be/q5CZUnsWkYQ	https://www.youtube.com/playlist?list=PLF_7kfnwLFCFijVGjd7zrjtWrxi4-4xeY	01_physical_chem_lectures/05_chemical_thermodynamics/01_reversible_and_irreversible_process.html		Unit 4	Chemical Thermodynamics	High	Keep current source / no change decided				
Physical Chemistry	Chemical Thermodynamics	2	Heat || Concept of Cp and Cv of a Gas	https://youtu.be/V3CNvFSd4r8	https://www.youtube.com/playlist?list=PLF_7kfnwLFCFijVGjd7zrjtWrxi4-4xeY	01_physical_chem_lectures/05_chemical_thermodynamics/02_heat_concept_of_cp_and_cv_of_a_gas.html		Unit 4	Chemical Thermodynamics	High	Keep current source / no change decided				
Physical Chemistry	Chemical Thermodynamics	3	Work done on/by a Gas	https://youtu.be/lBu-SJHNveA	https://www.youtube.com/playlist?list=PLF_7kfnwLFCFijVGjd7zrjtWrxi4-4xeY	01_physical_chem_lectures/05_chemical_thermodynamics/03_work_done_on_by_a_gas.html		Unit 4	Chemical Thermodynamics	High	Keep current source / no change decided				
Physical Chemistry	Chemical Thermodynamics	4	Work done in Isothermal and Adiabatic Expansion of Gas	https://youtu.be/bXNxBFBfwjs	https://www.youtube.com/playlist?list=PLF_7kfnwLFCFijVGjd7zrjtWrxi4-4xeY	01_physical_chem_lectures/05_chemical_thermodynamics/04_work_done_in_isothermal_and_adiabatic_expansion_of_gas.html		Unit 4	Chemical Thermodynamics	High	Keep current source / no change decided				
Physical Chemistry	Chemical Thermodynamics	5	First Law Of Thermodynamics	https://youtu.be/K1pNjKHmH8E	https://www.youtube.com/playlist?list=PLF_7kfnwLFCFijVGjd7zrjtWrxi4-4xeY	01_physical_chem_lectures/05_chemical_thermodynamics/05_first_law_of_thermodynamics.html		Unit 4	Chemical Thermodynamics	High	Keep current source / no change decided				
Physical Chemistry	Chemical Thermodynamics	6	What is Enthalpy || Relation between Enthalpy and Internal Energy	https://youtu.be/UuT1LNp5SJY	https://www.youtube.com/playlist?list=PLF_7kfnwLFCFijVGjd7zrjtWrxi4-4xeY	01_physical_chem_lectures/05_chemical_thermodynamics/06_what_is_enthalpy_relation_between_enthalpy_and_internal_energy.html		Unit 4	Chemical Thermodynamics	High	Keep current source / no change decided				
Physical Chemistry	Chemical Thermodynamics	7	Heat of Reaction | Enthalpy Of Formation || Enthalpy Of Combustion	https://youtu.be/OxGEY-ydojk	https://www.youtube.com/playlist?list=PLF_7kfnwLFCFijVGjd7zrjtWrxi4-4xeY	01_physical_chem_lectures/05_chemical_thermodynamics/07_heat_of_reaction_enthalpy_of_formation_enthalpy_of_combustion.html		Unit 4	Chemical Thermodynamics	High	Keep current source / no change decided				
Physical Chemistry	Chemical Thermodynamics	8	Hess's Law	https://youtu.be/wvnS_xmfRZc	https://www.youtube.com/playlist?list=PLF_7kfnwLFCFijVGjd7zrjtWrxi4-4xeY	01_physical_chem_lectures/05_chemical_thermodynamics/08_hesss_law.html		Unit 4	Chemical Thermodynamics	High	Keep current source / no change decided				
Physical Chemistry	Chemical Thermodynamics	9	Second Law Of Thermodynamics Introduction	https://youtu.be/a7CxGA6qQPE	https://www.youtube.com/playlist?list=PLF_7kfnwLFCFijVGjd7zrjtWrxi4-4xeY	01_physical_chem_lectures/05_chemical_thermodynamics/09_second_law_of_thermodynamics_introduction.html		Unit 4	Chemical Thermodynamics	High	Keep current source / no change decided				
Physical Chemistry	Chemical Thermodynamics	10	What is ENTROPY ? || Spontaneity and Entropy	https://youtu.be/NfB2chtSy-I	https://www.youtube.com/playlist?list=PLF_7kfnwLFCFijVGjd7zrjtWrxi4-4xeY	01_physical_chem_lectures/05_chemical_thermodynamics/10_what_is_entropy_spontaneity_and_entropy.html		Unit 4	Chemical Thermodynamics	High	Keep current source / no change decided				
Physical Chemistry	Chemical Thermodynamics	11	Entropy of different process | How to find Entropy	https://youtu.be/_zYbZY-gZYw	https://www.youtube.com/playlist?list=PLF_7kfnwLFCFijVGjd7zrjtWrxi4-4xeY	01_physical_chem_lectures/05_chemical_thermodynamics/11_entropy_of_different_process_how_to_find_entropy.html		Unit 4	Chemical Thermodynamics	High	Keep current source / no change decided				
Physical Chemistry	Chemical Thermodynamics	12	Gibb's Free Energy	https://youtu.be/pvLmWz3tWz8	https://www.youtube.com/playlist?list=PLF_7kfnwLFCFijVGjd7zrjtWrxi4-4xeY	01_physical_chem_lectures/05_chemical_thermodynamics/12_gibbs_free_energy.html		Unit 4	Chemical Thermodynamics	High	Keep current source / no change decided				
Physical Chemistry	Chemical Thermodynamics	13	Standard Gibb's Free Energy and Equilibrium Constant	https://youtu.be/nkO0x0uWiNs	https://www.youtube.com/playlist?list=PLF_7kfnwLFCFijVGjd7zrjtWrxi4-4xeY	01_physical_chem_lectures/05_chemical_thermodynamics/13_standard_gibbs_free_energy_and_equilibrium_constant.html		Unit 4	Chemical Thermodynamics	High	Keep current source / no change decided				
Physical Chemistry	Equilibrium	1	Introduction to Equilibrium	https://youtu.be/sCUgeC5ACv8	https://www.youtube.com/playlist?list=PLF_7kfnwLFCGNdqR8jaKSpxiiR83vM3_r	01_physical_chem_lectures/06_equilibrium/01_introduction_to_equilibrium.html		Unit 6	Equilibrium	High	Keep current source / no change decided				
Physical Chemistry	Equilibrium	2	Equilibrium Constant Kp and Kc	https://youtu.be/oyr7q5BrGEA	https://www.youtube.com/playlist?list=PLF_7kfnwLFCGNdqR8jaKSpxiiR83vM3_r	01_physical_chem_lectures/06_equilibrium/02_equilibrium_constant_kp_and_kc.html		Unit 6	Equilibrium	High	Keep current source / no change decided				
Physical Chemistry	Equilibrium	3	Law Of Chemical Equilibrium Numericals	https://youtu.be/z2G52O_7nd4	https://www.youtube.com/playlist?list=PLF_7kfnwLFCGNdqR8jaKSpxiiR83vM3_r	01_physical_chem_lectures/06_equilibrium/03_law_of_chemical_equilibrium_numericals.html		Unit 6	Equilibrium	High	Keep current source / no change decided				
Physical Chemistry	Equilibrium	4	Degree of Dissociation and Observed Density	https://youtu.be/x13K19_JwgY	https://www.youtube.com/playlist?list=PLF_7kfnwLFCGNdqR8jaKSpxiiR83vM3_r	01_physical_chem_lectures/06_equilibrium/04_degree_of_dissociation_and_observed_density.html		Unit 6	Equilibrium	High	Keep current source / no change decided				
Physical Chemistry	Equilibrium	5	Le-Chatelier's Principle	https://youtu.be/NVZ4Jb9tLX4	https://www.youtube.com/playlist?list=PLF_7kfnwLFCGNdqR8jaKSpxiiR83vM3_r	01_physical_chem_lectures/06_equilibrium/05_le_chateliers_principle.html		Unit 6	Equilibrium	High	Keep current source / no change decided				
Physical Chemistry	Equilibrium	6	Theories Of Acids and Bases	https://youtu.be/Uql1eQGq9Dg	https://www.youtube.com/playlist?list=PLF_7kfnwLFCGNdqR8jaKSpxiiR83vM3_r	01_physical_chem_lectures/06_equilibrium/06_theories_of_acids_and_bases.html		Unit 6	Equilibrium	High	Keep current source / no change decided				
Physical Chemistry	Equilibrium	7	Ionisation Constant Of Weak Acid and Base	https://youtu.be/Dgdz6bfRMdc	https://www.youtube.com/playlist?list=PLF_7kfnwLFCGNdqR8jaKSpxiiR83vM3_r	01_physical_chem_lectures/06_equilibrium/07_ionisation_constant_of_weak_acid_and_base.html		Unit 6	Equilibrium	High	Keep current source / no change decided				
Physical Chemistry	Equilibrium	8	pH Of Solutions | How to find pH | How to calculate pH of any Solution	https://youtu.be/uuGl5o8b3Zk	https://www.youtube.com/playlist?list=PLF_7kfnwLFCGNdqR8jaKSpxiiR83vM3_r	01_physical_chem_lectures/06_equilibrium/08_ph_of_solutions_how_to_find_ph_how_to_calculate_ph_of_any_solution.html		Unit 6	Equilibrium	High	Keep current source / no change decided				
Physical Chemistry	Equilibrium	9	Common-Ion Effect	https://youtu.be/xqq78GsLXSA	https://www.youtube.com/playlist?list=PLF_7kfnwLFCGNdqR8jaKSpxiiR83vM3_r	01_physical_chem_lectures/06_equilibrium/09_common_ion_effect.html		Unit 6	Equilibrium	High	Keep current source / no change decided				
Physical Chemistry	Equilibrium	10	Buffer Solutions Part 1 of 2	https://youtu.be/KH0w5TZnJaA	https://www.youtube.com/playlist?list=PLF_7kfnwLFCGNdqR8jaKSpxiiR83vM3_r	01_physical_chem_lectures/06_equilibrium/10_buffer_solutions_part_1_of_2.html		Unit 6	Equilibrium	High	Keep current source / no change decided				
Physical Chemistry	Equilibrium	11	Buffer Solutions Part 2 of 2	https://youtu.be/30eFAm74wp0	https://www.youtube.com/playlist?list=PLF_7kfnwLFCGNdqR8jaKSpxiiR83vM3_r	01_physical_chem_lectures/06_equilibrium/11_buffer_solutions_part_2_of_2.html		Unit 6	Equilibrium	High	Keep current source / no change decided				
Physical Chemistry	Equilibrium	12	Salt Hydrolysis	https://youtu.be/I33BwmAz1sY	https://www.youtube.com/playlist?list=PLF_7kfnwLFCGNdqR8jaKSpxiiR83vM3_r	01_physical_chem_lectures/06_equilibrium/12_salt_hydrolysis.html		Unit 6	Equilibrium	High	Keep current source / no change decided				
Physical Chemistry	Equilibrium	13	Solubility and Solubility Product	https://youtu.be/1tRdbmroncE	https://www.youtube.com/playlist?list=PLF_7kfnwLFCGNdqR8jaKSpxiiR83vM3_r	01_physical_chem_lectures/06_equilibrium/13_solubility_and_solubility_product.html		Unit 6	Equilibrium	High	Keep current source / no change decided				
Physical Chemistry	Redox Reactions and Electrochemistry	1	How to Find Oxidation Number - Methods & Tricks	https://youtu.be/c06C1t0PnGk	https://www.youtube.com/playlist?list=PLTpsEaEiWczjpQ4bPDtfZa6cKie5wUU0m; https://www.youtube.com/playlist?list=PLF_7kfnwLFCF_VxKKAhHSLryCsJr3GW71	01_physical_chem_lectures/07_redox_reactions_and_electrochemistry/01_how_to_find_oxidation_number_methods_tricks.html		Unit 7	Redox Reactions and Electrochemistry	High	Keep current source / no change decided				
Physical Chemistry	Redox Reactions and Electrochemistry	2	Oxidation and Reduction & Types of Redox Reactions	https://youtu.be/5Bf_Qk_YSI8	https://www.youtube.com/playlist?list=PLTpsEaEiWczjpQ4bPDtfZa6cKie5wUU0m; https://www.youtube.com/playlist?list=PLF_7kfnwLFCF_VxKKAhHSLryCsJr3GW71	01_physical_chem_lectures/07_redox_reactions_and_electrochemistry/02_oxidation_and_reduction_types_of_redox_reactions.html		Unit 7	Redox Reactions and Electrochemistry	High	Keep current source / no change decided				
Physical Chemistry	Redox Reactions and Electrochemistry	3	Balancing a Chemical Equation By Ion-Electron Method or Half Reaction Method	https://youtu.be/vf6PiQVK6oU	https://www.youtube.com/playlist?list=PLTpsEaEiWczjpQ4bPDtfZa6cKie5wUU0m; https://www.youtube.com/playlist?list=PLF_7kfnwLFCF_VxKKAhHSLryCsJr3GW71	01_physical_chem_lectures/07_redox_reactions_and_electrochemistry/03_balancing_a_chemical_equation_by_ion_electron_method_or_half_reaction_method.html		Unit 7	Redox Reactions and Electrochemistry	High	Keep current source / no change decided				
Physical Chemistry	Redox Reactions and Electrochemistry	4	Balancing a Chemical Equation By Oxidation Number Method	https://youtu.be/v6D5eETBQk0	https://www.youtube.com/playlist?list=PLTpsEaEiWczjpQ4bPDtfZa6cKie5wUU0m; https://www.youtube.com/playlist?list=PLF_7kfnwLFCF_VxKKAhHSLryCsJr3GW71	01_physical_chem_lectures/07_redox_reactions_and_electrochemistry/04_balancing_a_chemical_equation_by_oxidation_number_method.html		Unit 7	Redox Reactions and Electrochemistry	High	Keep current source / no change decided				
Physical Chemistry	Redox Reactions and Electrochemistry	5	Daniell Cell - Electrochemical / Galvanic / Voltaic Cell	https://youtu.be/j7PYqR1iGMg	https://www.youtube.com/playlist?list=PLTpsEaEiWczjpQ4bPDtfZa6cKie5wUU0m; https://www.youtube.com/playlist?list=PLF_7kfnwLFCF_VxKKAhHSLryCsJr3GW71	01_physical_chem_lectures/07_redox_reactions_and_electrochemistry/05_daniell_cell_electrochemical_galvanic_voltaic_cell.html		Unit 7	Redox Reactions and Electrochemistry	High	Keep current source / no change decided				
Physical Chemistry	Redox Reactions and Electrochemistry	6	Electrode Potential and EMF Of Cell - Basics	https://youtu.be/xj8HNg_zWIw	https://www.youtube.com/playlist?list=PLTpsEaEiWczjpQ4bPDtfZa6cKie5wUU0m; https://www.youtube.com/playlist?list=PLF_7kfnwLFCF_VxKKAhHSLryCsJr3GW71	01_physical_chem_lectures/07_redox_reactions_and_electrochemistry/06_electrode_potential_and_emf_of_cell_basics.html		Unit 7	Redox Reactions and Electrochemistry	High	Keep current source / no change decided				
Physical Chemistry	Redox Reactions and Electrochemistry	7	NERNST Equation for Electrode Potential and EMF of Cell	https://youtu.be/UlwKBzIiIVo	https://www.youtube.com/playlist?list=PLTpsEaEiWczjpQ4bPDtfZa6cKie5wUU0m; https://www.youtube.com/playlist?list=PLF_7kfnwLFCF_VxKKAhHSLryCsJr3GW71	01_physical_chem_lectures/07_redox_reactions_and_electrochemistry/07_nernst_equation_for_electrode_potential_and_emf_of_cell.html		Unit 7	Redox Reactions and Electrochemistry	High	Keep current source / no change decided				
Physical Chemistry	Redox Reactions and Electrochemistry	8	Standard Hydrogen Electrode (SHE): Theory and Numericals	https://youtu.be/XN60W6H0XWw	https://www.youtube.com/playlist?list=PLTpsEaEiWczjpQ4bPDtfZa6cKie5wUU0m; https://www.youtube.com/playlist?list=PLF_7kfnwLFCF_VxKKAhHSLryCsJr3GW71	01_physical_chem_lectures/07_redox_reactions_and_electrochemistry/08_standard_hydrogen_electrode_she_theory_and_numericals.html		Unit 7	Redox Reactions and Electrochemistry	High	Keep current source / no change decided				
Physical Chemistry	Redox Reactions and Electrochemistry	9	Electrochemical Series	https://youtu.be/rkf6PQFv_R4	https://www.youtube.com/playlist?list=PLTpsEaEiWczjpQ4bPDtfZa6cKie5wUU0m; https://www.youtube.com/playlist?list=PLF_7kfnwLFCF_VxKKAhHSLryCsJr3GW71	01_physical_chem_lectures/07_redox_reactions_and_electrochemistry/09_electrochemical_series.html		Unit 7	Redox Reactions and Electrochemistry	High	Keep current source / no change decided				
Physical Chemistry	Redox Reactions and Electrochemistry	10	Electrolysis OR Electrochemical Cell: Introduction - Product at Electrode	https://youtu.be/oFdw8j6cq6w	https://www.youtube.com/playlist?list=PLTpsEaEiWczjpQ4bPDtfZa6cKie5wUU0m; https://www.youtube.com/playlist?list=PLF_7kfnwLFCF_VxKKAhHSLryCsJr3GW71	01_physical_chem_lectures/07_redox_reactions_and_electrochemistry/10_electrolysis_or_electrochemical_cell_introduction_product_at_electrode.html		Unit 7	Redox Reactions and Electrochemistry	High	Keep current source / no change decided				
Physical Chemistry	Redox Reactions and Electrochemistry	11	Faraday's Laws Of Electrolysis	https://youtu.be/OrYmCoFB44Q	https://www.youtube.com/playlist?list=PLTpsEaEiWczjpQ4bPDtfZa6cKie5wUU0m; https://www.youtube.com/playlist?list=PLF_7kfnwLFCF_VxKKAhHSLryCsJr3GW71	01_physical_chem_lectures/07_redox_reactions_and_electrochemistry/11_faradays_laws_of_electrolysis.html		Unit 7	Redox Reactions and Electrochemistry	High	Keep current source / no change decided				
Physical Chemistry	Redox Reactions and Electrochemistry	12	Electrolytic Conductance - Conductivity - Molar and Equivalent Conductivity	https://youtu.be/e2FexAPcwvw	https://www.youtube.com/playlist?list=PLTpsEaEiWczjpQ4bPDtfZa6cKie5wUU0m; https://www.youtube.com/playlist?list=PLF_7kfnwLFCF_VxKKAhHSLryCsJr3GW71	01_physical_chem_lectures/07_redox_reactions_and_electrochemistry/12_electrolytic_conductance_conductivity_molar_and_equivalent_conductivity.html		Unit 7	Redox Reactions and Electrochemistry	High	Keep current source / no change decided				
Physical Chemistry	Redox Reactions and Electrochemistry	13	Variation of Molar Conductivity with Concentration - KOHLRAUSCH'S LAW	https://youtu.be/uY24hg3SjX4	https://www.youtube.com/playlist?list=PLTpsEaEiWczjpQ4bPDtfZa6cKie5wUU0m; https://www.youtube.com/playlist?list=PLF_7kfnwLFCF_VxKKAhHSLryCsJr3GW71	01_physical_chem_lectures/07_redox_reactions_and_electrochemistry/13_variation_of_molar_conductivity_with_concentration_kohlrauschs_law.html		Unit 7	Redox Reactions and Electrochemistry	High	Keep current source / no change decided				
Physical Chemistry	Solutions	1	Solutions 01 II Introduction and Concentration Terms	https://youtu.be/nn-1UU_1PX8	https://www.youtube.com/playlist?list=PLF_7kfnwLFCHJ6kUboe60izCndyBUjiaZ	01_physical_chem_lectures/08_solutions/01_solutions_01_ii_introduction_and_concentration_terms.html		Unit 5	Solutions	High	Keep current source / no change decided				
Physical Chemistry	Solutions	2	Vapour Pressure of Solution of Two Volatile Liquids - RAOULT'S Law	https://youtu.be/ltirLC4AD2E	https://www.youtube.com/playlist?list=PLF_7kfnwLFCHJ6kUboe60izCndyBUjiaZ	01_physical_chem_lectures/08_solutions/02_vapour_pressure_of_solution_of_two_volatile_liquids_raoults_law.html		Unit 5	Solutions	High	Keep current source / no change decided				
Physical Chemistry	Solutions	3	Relative Lowering of Vapour Pressure due to Non-Volatile Solute - Colligative Property	https://youtu.be/qpfnOJlL3SU	https://www.youtube.com/playlist?list=PLF_7kfnwLFCHJ6kUboe60izCndyBUjiaZ	01_physical_chem_lectures/08_solutions/03_relative_lowering_of_vapour_pressure_due_to_non_volatile_solute_colligative_property.html		Unit 5	Solutions	High	Keep current source / no change decided				
Physical Chemistry	Solutions	4	Ideal and Non-Ideal Solutions - Raoult's Law: +ve Deviation and -ve Deviation	https://youtu.be/Lrn31fEY5uc	https://www.youtube.com/playlist?list=PLF_7kfnwLFCHJ6kUboe60izCndyBUjiaZ	01_physical_chem_lectures/08_solutions/04_ideal_and_non_ideal_solutions_raoults_law_positive_deviation_and_negative_deviation.html		Unit 5	Solutions	High	Keep current source / no change decided				
Physical Chemistry	Solutions	5	Colligative Property - Elevation in Boiling Point	https://youtu.be/i5rSNwv9v9s	https://www.youtube.com/playlist?list=PLF_7kfnwLFCHJ6kUboe60izCndyBUjiaZ	01_physical_chem_lectures/08_solutions/05_colligative_property_elevation_in_boiling_point.html		Unit 5	Solutions	High	Keep current source / no change decided				
Physical Chemistry	Solutions	6	Colligative Property - Depression in Freezing Point	https://youtu.be/aMbnHVKiYWg	https://www.youtube.com/playlist?list=PLF_7kfnwLFCHJ6kUboe60izCndyBUjiaZ	01_physical_chem_lectures/08_solutions/06_colligative_property_depression_in_freezing_point.html		Unit 5	Solutions	High	Keep current source / no change decided				
Physical Chemistry	Solutions	7	Colligative Property - Osmotic Pressure	https://youtu.be/EEnbajugGfg	https://www.youtube.com/playlist?list=PLF_7kfnwLFCHJ6kUboe60izCndyBUjiaZ	01_physical_chem_lectures/08_solutions/07_colligative_property_osmotic_pressure.html		Unit 5	Solutions	High	Keep current source / no change decided				
Physical Chemistry	Solutions	8	Van't Hoff Factor and Abnormal Molar Masses	https://youtu.be/1b0tmhf8c3s	https://www.youtube.com/playlist?list=PLF_7kfnwLFCHJ6kUboe60izCndyBUjiaZ	01_physical_chem_lectures/08_solutions/08_vant_hoff_factor_and_abnormal_molar_masses.html		Unit 5	Solutions	High	Keep current source / no change decided				
Physical Chemistry	Solutions	9	Previous Year IIT Questions on Colligative Properties	https://youtu.be/p-aCsUDvoSo	https://www.youtube.com/playlist?list=PLF_7kfnwLFCHJ6kUboe60izCndyBUjiaZ	01_physical_chem_lectures/08_solutions/09_previous_year_iit_questions_on_colligative_properties.html		Unit 5	Solutions	High	Keep current source / no change decided				
Physical Chemistry	Solutions	10	Solubility and Henry's Law	https://youtu.be/JCmK2OJGwyY	https://www.youtube.com/playlist?list=PLF_7kfnwLFCHJ6kUboe60izCndyBUjiaZ	01_physical_chem_lectures/08_solutions/10_solubility_and_henrys_law.html		Unit 5	Solutions	High	Keep current source / no change decided				
Physical Chemistry	Chemical Kinetics	1	Introduction - Rate of Reaction	https://youtu.be/Ez2EaGNt-u8	https://www.youtube.com/playlist?list=PLF_7kfnwLFCHlh8wdeQ_ZZ96DhBDjqGMZ	01_physical_chem_lectures/09_chemical_kinetics/01_introduction_rate_of_reaction.html		Unit 8	Chemical Kinetics	High	Keep current source / no change decided				
Physical Chemistry	Chemical Kinetics	2	Factors Affecting Rate of Reaction - 7 Factors	https://youtu.be/Wg8gUHWlfG8	https://www.youtube.com/playlist?list=PLF_7kfnwLFCHlh8wdeQ_ZZ96DhBDjqGMZ	01_physical_chem_lectures/09_chemical_kinetics/02_factors_affecting_rate_of_reaction_7_factors.html		Unit 8	Chemical Kinetics	High	Keep current source / no change decided				
Physical Chemistry	Chemical Kinetics	3	Rate Law and Order Of Reaction	https://youtu.be/4YLbhZtia1Q	https://www.youtube.com/playlist?list=PLF_7kfnwLFCHlh8wdeQ_ZZ96DhBDjqGMZ	01_physical_chem_lectures/09_chemical_kinetics/03_rate_law_and_order_of_reaction.html		Unit 8	Chemical Kinetics	High	Keep current source / no change decided				
Physical Chemistry	Chemical Kinetics	4	Initial Rate Method to Determine Order of Reaction & Rate Law	https://youtu.be/5XgyuftggTo	https://www.youtube.com/playlist?list=PLF_7kfnwLFCHlh8wdeQ_ZZ96DhBDjqGMZ	01_physical_chem_lectures/09_chemical_kinetics/04_initial_rate_method_to_determine_order_of_reaction_rate_law.html		Unit 8	Chemical Kinetics	High	Keep current source / no change decided				
Physical Chemistry	Chemical Kinetics	5	ZERO Order Kinetics | Rate Law and Half Life Of Zero Order	https://youtu.be/A0QsbNj9x24	https://www.youtube.com/playlist?list=PLF_7kfnwLFCHlh8wdeQ_ZZ96DhBDjqGMZ	01_physical_chem_lectures/09_chemical_kinetics/05_zero_order_kinetics_rate_law_and_half_life_of_zero_order.html		Unit 8	Chemical Kinetics	High	Keep current source / no change decided				
Physical Chemistry	Chemical Kinetics	6	FIRST Order Kinetics | Complete First Order Reaction	https://youtu.be/djvupjkQJ1U	https://www.youtube.com/playlist?list=PLF_7kfnwLFCHlh8wdeQ_ZZ96DhBDjqGMZ	01_physical_chem_lectures/09_chemical_kinetics/06_first_order_kinetics_complete_first_order_reaction.html		Unit 8	Chemical Kinetics	High	Keep current source / no change decided				
Physical Chemistry	Chemical Kinetics	7	Second, Third & nth Order Reaction & Kinetics - All Formulae	https://youtu.be/rqSvq-3mnC8	https://www.youtube.com/playlist?list=PLF_7kfnwLFCHlh8wdeQ_ZZ96DhBDjqGMZ	01_physical_chem_lectures/09_chemical_kinetics/07_second_third_nth_order_reaction_kinetics_all_formulae.html		Unit 8	Chemical Kinetics	High	Keep current source / no change decided				
Physical Chemistry	Chemical Kinetics	8	How to Determine Order of Reaction? Half Life Method & Other Methods	https://youtu.be/rGZfrCEC6NM	https://www.youtube.com/playlist?list=PLF_7kfnwLFCHlh8wdeQ_ZZ96DhBDjqGMZ	01_physical_chem_lectures/09_chemical_kinetics/08_how_to_determine_order_of_reaction_half_life_method_other_methods.html		Unit 8	Chemical Kinetics	High	Keep current source / no change decided				
Physical Chemistry	Chemical Kinetics	9	Molecularity of Reaction | Pseudo Order Reaction | Molecularity	https://youtu.be/GmFnROiHYE4	https://www.youtube.com/playlist?list=PLF_7kfnwLFCHlh8wdeQ_ZZ96DhBDjqGMZ	01_physical_chem_lectures/09_chemical_kinetics/09_molecularity_of_reaction_pseudo_order_reaction_molecularity.html		Unit 8	Chemical Kinetics	High	Keep current source / no change decided				
Physical Chemistry	Chemical Kinetics	10	Arrhenius Equation | Effect of Temperature on Rate of Reaction	https://youtu.be/uexnw54Cluk	https://www.youtube.com/playlist?list=PLF_7kfnwLFCHlh8wdeQ_ZZ96DhBDjqGMZ	01_physical_chem_lectures/09_chemical_kinetics/10_arrhenius_equation_effect_of_temperature_on_rate_of_reaction.html		Unit 8	Chemical Kinetics	High	Keep current source / no change decided				
Physical Chemistry	Chemical Kinetics	11	Complex Reaction - Mechanism of Reaction - Steady State Approximation	https://youtu.be/Tko6iBir6GM	https://www.youtube.com/playlist?list=PLF_7kfnwLFCHlh8wdeQ_ZZ96DhBDjqGMZ	01_physical_chem_lectures/09_chemical_kinetics/11_complex_reaction_mechanism_of_reaction_steady_state_approximation.html		Unit 8	Chemical Kinetics	High	Keep current source / no change decided				
Physical Chemistry	Chemical Kinetics	12	Parallel First Order Reaction Kinetics	https://youtu.be/DrE6ApKqgwU	https://www.youtube.com/playlist?list=PLF_7kfnwLFCHlh8wdeQ_ZZ96DhBDjqGMZ	01_physical_chem_lectures/09_chemical_kinetics/12_parallel_first_order_reaction_kinetics.html		Unit 8	Chemical Kinetics	High	Keep current source / no change decided				
Inorganic Chemistry	Periodic Classification	1	Historical Development	https://youtu.be/TOXF8LXEFJw	https://www.youtube.com/playlist?list=PLF_7kfnwLFCFW27SD2cKamlTUde0OurJS	02_inorganic_chem_lectures/01_periodic_classification/01_historical_development.html	02_inorganic_chem_lectures/01_periodic_classification_OLD/01_historical_development.html	Unit 9	Classification of Elements and Periodicity in Properties	High	Keep current source / no change decided				
Inorganic Chemistry	Periodic Classification	2	Modern Periodic Table	https://youtu.be/ZXpCDByQPdA	https://www.youtube.com/playlist?list=PLF_7kfnwLFCFW27SD2cKamlTUde0OurJS	02_inorganic_chem_lectures/01_periodic_classification/02_modern_periodic_table.html	02_inorganic_chem_lectures/01_periodic_classification_OLD/02_modern_periodic_table.html	Unit 9	Classification of Elements and Periodicity in Properties	High	Keep current source / no change decided				
Inorganic Chemistry	Periodic Classification	3	How to Find Group, Period and Block of any Element || spdf Trick	https://youtu.be/V7BL9HKZYMY	https://www.youtube.com/playlist?list=PLF_7kfnwLFCFW27SD2cKamlTUde0OurJS	02_inorganic_chem_lectures/01_periodic_classification/03_how_to_find_group_period_and_block_of_any_element_spdf_trick.html		Unit 9	Classification of Elements and Periodicity in Properties	High	Keep current source / no change decided				
Inorganic Chemistry	Periodic Classification	4	Atomic Radius, Ionic Radius & Its Variation	https://youtu.be/hGaKK3XrMJQ	https://www.youtube.com/playlist?list=PLF_7kfnwLFCFW27SD2cKamlTUde0OurJS	02_inorganic_chem_lectures/01_periodic_classification/04_atomic_radius_ionic_radius_and_its_variation.html		Unit 9	Classification of Elements and Periodicity in Properties	High	Keep current source / no change decided				
Inorganic Chemistry	Periodic Classification	5	Ionization Energy || Ionization Potential	https://youtu.be/6HqlknZbqJI	https://www.youtube.com/playlist?list=PLF_7kfnwLFCFW27SD2cKamlTUde0OurJS	02_inorganic_chem_lectures/01_periodic_classification/05_ionization_energy_ionization_potential.html		Unit 9	Classification of Elements and Periodicity in Properties	High	Keep current source / no change decided				
Inorganic Chemistry	Periodic Classification	6	Electron Affinity || Electron Gain Enthalpy	https://youtu.be/O6ToralUhKE	https://www.youtube.com/playlist?list=PLF_7kfnwLFCFW27SD2cKamlTUde0OurJS	02_inorganic_chem_lectures/01_periodic_classification/06_electron_affinity_electron_gain_enthalpy.html		Unit 9	Classification of Elements and Periodicity in Properties	High	Keep current source / no change decided				
Inorganic Chemistry	Periodic Classification	7	Electronegativity	https://youtu.be/WmO3uCp23b4	https://www.youtube.com/playlist?list=PLF_7kfnwLFCFW27SD2cKamlTUde0OurJS	02_inorganic_chem_lectures/01_periodic_classification/07_electronegativity.html		Unit 9	Classification of Elements and Periodicity in Properties	High	Keep current source / no change decided				
Inorganic Chemistry	p block elements	1	Introduction	https://youtu.be/xQJOfAKgSOY?t=0		#		Unit 10	p-Block Elements	High	Replace/standardize to JEE Wallah	P Block Elements: Chemistry | Class 12th/JEE	https://www.youtube.com/playlist?list=PLxyGaR3hEy3gUyoklkOVb5o5rSK8pmFWi	JEE Wallah playlist; search result says 10 lessons / 17 hours. Also consider one-shot: https://www.youtube.com/watch?v=qzFtiCIf9Ck	
Inorganic Chemistry	p block elements	2	P block elements	https://youtu.be/xQJOfAKgSOY?t=47		#		Unit 10	p-Block Elements	High	Replace/standardize to JEE Wallah	P Block Elements: Chemistry | Class 12th/JEE	https://www.youtube.com/playlist?list=PLxyGaR3hEy3gUyoklkOVb5o5rSK8pmFWi	JEE Wallah playlist; search result says 10 lessons / 17 hours. Also consider one-shot: https://www.youtube.com/watch?v=qzFtiCIf9Ck	
Inorganic Chemistry	p block elements	3	P block elements properties	https://youtu.be/xQJOfAKgSOY?t=196		#		Unit 10	p-Block Elements	High	Replace/standardize to JEE Wallah	P Block Elements: Chemistry | Class 12th/JEE	https://www.youtube.com/playlist?list=PLxyGaR3hEy3gUyoklkOVb5o5rSK8pmFWi	JEE Wallah playlist; search result says 10 lessons / 17 hours. Also consider one-shot: https://www.youtube.com/watch?v=qzFtiCIf9Ck	
Inorganic Chemistry	p block elements	4	Periodic Table trends	https://youtu.be/xQJOfAKgSOY?t=416		#		Unit 10	p-Block Elements	High	Replace/standardize to JEE Wallah	P Block Elements: Chemistry | Class 12th/JEE	https://www.youtube.com/playlist?list=PLxyGaR3hEy3gUyoklkOVb5o5rSK8pmFWi	JEE Wallah playlist; search result says 10 lessons / 17 hours. Also consider one-shot: https://www.youtube.com/watch?v=qzFtiCIf9Ck	
Inorganic Chemistry	p block elements	5	Group 15 elements	https://youtu.be/xQJOfAKgSOY?t=491		#		Unit 10	p-Block Elements	High	Replace/standardize to JEE Wallah	P Block Elements: Chemistry | Class 12th/JEE	https://www.youtube.com/playlist?list=PLxyGaR3hEy3gUyoklkOVb5o5rSK8pmFWi	JEE Wallah playlist; search result says 10 lessons / 17 hours. Also consider one-shot: https://www.youtube.com/watch?v=qzFtiCIf9Ck	
Inorganic Chemistry	p block elements	6	Nitrogen Family: Occurrence	https://youtu.be/xQJOfAKgSOY?t=660		#		Unit 10	p-Block Elements	High	Replace/standardize to JEE Wallah	P Block Elements: Chemistry | Class 12th/JEE	https://www.youtube.com/playlist?list=PLxyGaR3hEy3gUyoklkOVb5o5rSK8pmFWi	JEE Wallah playlist; search result says 10 lessons / 17 hours. Also consider one-shot: https://www.youtube.com/watch?v=qzFtiCIf9Ck	
Inorganic Chemistry	p block elements	7	Nitrogen Family: Electronic Configuration	https://youtu.be/xQJOfAKgSOY?t=764		#		Unit 10	p-Block Elements	High	Replace/standardize to JEE Wallah	P Block Elements: Chemistry | Class 12th/JEE	https://www.youtube.com/playlist?list=PLxyGaR3hEy3gUyoklkOVb5o5rSK8pmFWi	JEE Wallah playlist; search result says 10 lessons / 17 hours. Also consider one-shot: https://www.youtube.com/watch?v=qzFtiCIf9Ck	
Inorganic Chemistry	p block elements	8	Nitrogen Family: Density	https://youtu.be/xQJOfAKgSOY?t=864		#		Unit 10	p-Block Elements	High	Replace/standardize to JEE Wallah	P Block Elements: Chemistry | Class 12th/JEE	https://www.youtube.com/playlist?list=PLxyGaR3hEy3gUyoklkOVb5o5rSK8pmFWi	JEE Wallah playlist; search result says 10 lessons / 17 hours. Also consider one-shot: https://www.youtube.com/watch?v=qzFtiCIf9Ck	
Inorganic Chemistry	p block elements	9	Nitrogen Family: Atomic & Ionic Radii	https://youtu.be/xQJOfAKgSOY?t=942		#		Unit 10	p-Block Elements	High	Replace/standardize to JEE Wallah	P Block Elements: Chemistry | Class 12th/JEE	https://www.youtube.com/playlist?list=PLxyGaR3hEy3gUyoklkOVb5o5rSK8pmFWi	JEE Wallah playlist; search result says 10 lessons / 17 hours. Also consider one-shot: https://www.youtube.com/watch?v=qzFtiCIf9Ck	
Inorganic Chemistry	p block elements	10	Nitrogen Family Trends: Ionization Enthalpy	https://youtu.be/xQJOfAKgSOY?t=1201		#		Unit 10	p-Block Elements	High	Replace/standardize to JEE Wallah	P Block Elements: Chemistry | Class 12th/JEE	https://www.youtube.com/playlist?list=PLxyGaR3hEy3gUyoklkOVb5o5rSK8pmFWi	JEE Wallah playlist; search result says 10 lessons / 17 hours. Also consider one-shot: https://www.youtube.com/watch?v=qzFtiCIf9Ck	
Inorganic Chemistry	p block elements	11	Nitrogen Family: Electronegativity	https://youtu.be/xQJOfAKgSOY?t=1502		#		Unit 10	p-Block Elements	High	Replace/standardize to JEE Wallah	P Block Elements: Chemistry | Class 12th/JEE	https://www.youtube.com/playlist?list=PLxyGaR3hEy3gUyoklkOVb5o5rSK8pmFWi	JEE Wallah playlist; search result says 10 lessons / 17 hours. Also consider one-shot: https://www.youtube.com/watch?v=qzFtiCIf9Ck	
Inorganic Chemistry	p block elements	12	Nitrogen Family: Metallic Character	https://youtu.be/xQJOfAKgSOY?t=1678		#		Unit 10	p-Block Elements	High	Replace/standardize to JEE Wallah	P Block Elements: Chemistry | Class 12th/JEE	https://www.youtube.com/playlist?list=PLxyGaR3hEy3gUyoklkOVb5o5rSK8pmFWi	JEE Wallah playlist; search result says 10 lessons / 17 hours. Also consider one-shot: https://www.youtube.com/watch?v=qzFtiCIf9Ck	
Inorganic Chemistry	p block elements	13	Nitrogen Family: Oxidation States	https://youtu.be/xQJOfAKgSOY?t=1742		#		Unit 10	p-Block Elements	High	Replace/standardize to JEE Wallah	P Block Elements: Chemistry | Class 12th/JEE	https://www.youtube.com/playlist?list=PLxyGaR3hEy3gUyoklkOVb5o5rSK8pmFWi	JEE Wallah playlist; search result says 10 lessons / 17 hours. Also consider one-shot: https://www.youtube.com/watch?v=qzFtiCIf9Ck	
Inorganic Chemistry	p block elements	14	Nitrogen Family: Covalency	https://youtu.be/xQJOfAKgSOY?t=2014		#		Unit 10	p-Block Elements	High	Replace/standardize to JEE Wallah	P Block Elements: Chemistry | Class 12th/JEE	https://www.youtube.com/playlist?list=PLxyGaR3hEy3gUyoklkOVb5o5rSK8pmFWi	JEE Wallah playlist; search result says 10 lessons / 17 hours. Also consider one-shot: https://www.youtube.com/watch?v=qzFtiCIf9Ck	
Inorganic Chemistry	p block elements	15	Anomalous Properties of Nitrogen	https://youtu.be/xQJOfAKgSOY?t=2135		#		Unit 10	p-Block Elements	High	Replace/standardize to JEE Wallah	P Block Elements: Chemistry | Class 12th/JEE	https://www.youtube.com/playlist?list=PLxyGaR3hEy3gUyoklkOVb5o5rSK8pmFWi	JEE Wallah playlist; search result says 10 lessons / 17 hours. Also consider one-shot: https://www.youtube.com/watch?v=qzFtiCIf9Ck	
Inorganic Chemistry	p block elements	16	Nitrogen Family: Chemical Properties	https://youtu.be/xQJOfAKgSOY?t=2324		#		Unit 10	p-Block Elements	High	Replace/standardize to JEE Wallah	P Block Elements: Chemistry | Class 12th/JEE	https://www.youtube.com/playlist?list=PLxyGaR3hEy3gUyoklkOVb5o5rSK8pmFWi	JEE Wallah playlist; search result says 10 lessons / 17 hours. Also consider one-shot: https://www.youtube.com/watch?v=qzFtiCIf9Ck	
Inorganic Chemistry	p block elements	17	Nitrogen Family: Reaction with Hydrogen	https://youtu.be/xQJOfAKgSOY?t=2348		#		Unit 10	p-Block Elements	High	Replace/standardize to JEE Wallah	P Block Elements: Chemistry | Class 12th/JEE	https://www.youtube.com/playlist?list=PLxyGaR3hEy3gUyoklkOVb5o5rSK8pmFWi	JEE Wallah playlist; search result says 10 lessons / 17 hours. Also consider one-shot: https://www.youtube.com/watch?v=qzFtiCIf9Ck	
Inorganic Chemistry	p block elements	18	Nitrogen Family: Reaction with Oxygen	https://youtu.be/xQJOfAKgSOY?t=2659		#		Unit 10	p-Block Elements	High	Replace/standardize to JEE Wallah	P Block Elements: Chemistry | Class 12th/JEE	https://www.youtube.com/playlist?list=PLxyGaR3hEy3gUyoklkOVb5o5rSK8pmFWi	JEE Wallah playlist; search result says 10 lessons / 17 hours. Also consider one-shot: https://www.youtube.com/watch?v=qzFtiCIf9Ck	
Inorganic Chemistry	p block elements	19	Nitrogen Family: Reaction with Halogen	https://youtu.be/xQJOfAKgSOY?t=2777		#		Unit 10	p-Block Elements	High	Replace/standardize to JEE Wallah	P Block Elements: Chemistry | Class 12th/JEE	https://www.youtube.com/playlist?list=PLxyGaR3hEy3gUyoklkOVb5o5rSK8pmFWi	JEE Wallah playlist; search result says 10 lessons / 17 hours. Also consider one-shot: https://www.youtube.com/watch?v=qzFtiCIf9Ck	
Inorganic Chemistry	p block elements	20	Nitrogen Family: Reaction with Other Metals	https://youtu.be/xQJOfAKgSOY?t=2986		#		Unit 10	p-Block Elements	High	Replace/standardize to JEE Wallah	P Block Elements: Chemistry | Class 12th/JEE	https://www.youtube.com/playlist?list=PLxyGaR3hEy3gUyoklkOVb5o5rSK8pmFWi	JEE Wallah playlist; search result says 10 lessons / 17 hours. Also consider one-shot: https://www.youtube.com/watch?v=qzFtiCIf9Ck	
Inorganic Chemistry	p block elements	21	Nitrogen Family: Important Compounds	https://youtu.be/xQJOfAKgSOY?t=3095		#		Unit 10	p-Block Elements	High	Replace/standardize to JEE Wallah	P Block Elements: Chemistry | Class 12th/JEE	https://www.youtube.com/playlist?list=PLxyGaR3hEy3gUyoklkOVb5o5rSK8pmFWi	JEE Wallah playlist; search result says 10 lessons / 17 hours. Also consider one-shot: https://www.youtube.com/watch?v=qzFtiCIf9Ck	
Inorganic Chemistry	p block elements	22	Dinitrogen: Preparation	https://youtu.be/xQJOfAKgSOY?t=3143		#		Unit 10	p-Block Elements	High	Replace/standardize to JEE Wallah	P Block Elements: Chemistry | Class 12th/JEE	https://www.youtube.com/playlist?list=PLxyGaR3hEy3gUyoklkOVb5o5rSK8pmFWi	JEE Wallah playlist; search result says 10 lessons / 17 hours. Also consider one-shot: https://www.youtube.com/watch?v=qzFtiCIf9Ck	
Inorganic Chemistry	p block elements	23	Dinitrogen: Properties	https://youtu.be/xQJOfAKgSOY?t=3521		#		Unit 10	p-Block Elements	High	Replace/standardize to JEE Wallah	P Block Elements: Chemistry | Class 12th/JEE	https://www.youtube.com/playlist?list=PLxyGaR3hEy3gUyoklkOVb5o5rSK8pmFWi	JEE Wallah playlist; search result says 10 lessons / 17 hours. Also consider one-shot: https://www.youtube.com/watch?v=qzFtiCIf9Ck	
Inorganic Chemistry	p block elements	24	Dinitrogen: Uses	https://youtu.be/xQJOfAKgSOY?t=3647		#		Unit 10	p-Block Elements	High	Replace/standardize to JEE Wallah	P Block Elements: Chemistry | Class 12th/JEE	https://www.youtube.com/playlist?list=PLxyGaR3hEy3gUyoklkOVb5o5rSK8pmFWi	JEE Wallah playlist; search result says 10 lessons / 17 hours. Also consider one-shot: https://www.youtube.com/watch?v=qzFtiCIf9Ck	
Inorganic Chemistry	p block elements	25	Ammonia: Uses	https://youtu.be/xQJOfAKgSOY?t=3777		#		Unit 10	p-Block Elements	High	Replace/standardize to JEE Wallah	P Block Elements: Chemistry | Class 12th/JEE	https://www.youtube.com/playlist?list=PLxyGaR3hEy3gUyoklkOVb5o5rSK8pmFWi	JEE Wallah playlist; search result says 10 lessons / 17 hours. Also consider one-shot: https://www.youtube.com/watch?v=qzFtiCIf9Ck	
Inorganic Chemistry	p block elements	26	Ammonia: Preparation	https://youtu.be/xQJOfAKgSOY?t=3866		#		Unit 10	p-Block Elements	High	Replace/standardize to JEE Wallah	P Block Elements: Chemistry | Class 12th/JEE	https://www.youtube.com/playlist?list=PLxyGaR3hEy3gUyoklkOVb5o5rSK8pmFWi	JEE Wallah playlist; search result says 10 lessons / 17 hours. Also consider one-shot: https://www.youtube.com/watch?v=qzFtiCIf9Ck	
Inorganic Chemistry	p block elements	27	Ammonia: Properties	https://youtu.be/xQJOfAKgSOY?t=4028		#		Unit 10	p-Block Elements	High	Replace/standardize to JEE Wallah	P Block Elements: Chemistry | Class 12th/JEE	https://www.youtube.com/playlist?list=PLxyGaR3hEy3gUyoklkOVb5o5rSK8pmFWi	JEE Wallah playlist; search result says 10 lessons / 17 hours. Also consider one-shot: https://www.youtube.com/watch?v=qzFtiCIf9Ck	
Inorganic Chemistry	p block elements	28	Nitric Acid	https://youtu.be/xQJOfAKgSOY?t=4357		#		Unit 10	p-Block Elements	High	Replace/standardize to JEE Wallah	P Block Elements: Chemistry | Class 12th/JEE	https://www.youtube.com/playlist?list=PLxyGaR3hEy3gUyoklkOVb5o5rSK8pmFWi	JEE Wallah playlist; search result says 10 lessons / 17 hours. Also consider one-shot: https://www.youtube.com/watch?v=qzFtiCIf9Ck	
Inorganic Chemistry	p block elements	29	Nitric Acid: Preparation	https://youtu.be/xQJOfAKgSOY?t=4401		#		Unit 10	p-Block Elements	High	Replace/standardize to JEE Wallah	P Block Elements: Chemistry | Class 12th/JEE	https://www.youtube.com/playlist?list=PLxyGaR3hEy3gUyoklkOVb5o5rSK8pmFWi	JEE Wallah playlist; search result says 10 lessons / 17 hours. Also consider one-shot: https://www.youtube.com/watch?v=qzFtiCIf9Ck	
Inorganic Chemistry	p block elements	30	Nitric Acid: Properties	https://youtu.be/xQJOfAKgSOY?t=4556		#		Unit 10	p-Block Elements	High	Replace/standardize to JEE Wallah	P Block Elements: Chemistry | Class 12th/JEE	https://www.youtube.com/playlist?list=PLxyGaR3hEy3gUyoklkOVb5o5rSK8pmFWi	JEE Wallah playlist; search result says 10 lessons / 17 hours. Also consider one-shot: https://www.youtube.com/watch?v=qzFtiCIf9Ck	
Inorganic Chemistry	p block elements	31	Nitric Acid: Uses	https://youtu.be/xQJOfAKgSOY?t=4783		#		Unit 10	p-Block Elements	High	Replace/standardize to JEE Wallah	P Block Elements: Chemistry | Class 12th/JEE	https://www.youtube.com/playlist?list=PLxyGaR3hEy3gUyoklkOVb5o5rSK8pmFWi	JEE Wallah playlist; search result says 10 lessons / 17 hours. Also consider one-shot: https://www.youtube.com/watch?v=qzFtiCIf9Ck	
Inorganic Chemistry	d and f block elements	1	Introduction	https://youtu.be/w0S7AE3zy30?t=0		#		Unit 11	d- and f-Block Elements	High	Replace/standardize to JEE Wallah	D&F Block Elements: Chemistry | Class 12th/JEE	https://www.youtube.com/playlist?list=PLxyGaR3hEy3gdHYnioIhFXM5fuOUNIoym	JEE Wallah playlist; search result says 6 lessons / 9 hours. One-shot candidate: https://www.youtube.com/watch?v=SjILQ6cX_Vo	
Inorganic Chemistry	d and f block elements	2	D-block elements	https://youtu.be/w0S7AE3zy30?t=63		#		Unit 11	d- and f-Block Elements	High	Replace/standardize to JEE Wallah	D&F Block Elements: Chemistry | Class 12th/JEE	https://www.youtube.com/playlist?list=PLxyGaR3hEy3gdHYnioIhFXM5fuOUNIoym	JEE Wallah playlist; search result says 6 lessons / 9 hours. One-shot candidate: https://www.youtube.com/watch?v=SjILQ6cX_Vo	
Inorganic Chemistry	d and f block elements	3	Transition Metals	https://youtu.be/w0S7AE3zy30?t=291		#		Unit 11	d- and f-Block Elements	High	Replace/standardize to JEE Wallah	D&F Block Elements: Chemistry | Class 12th/JEE	https://www.youtube.com/playlist?list=PLxyGaR3hEy3gdHYnioIhFXM5fuOUNIoym	JEE Wallah playlist; search result says 6 lessons / 9 hours. One-shot candidate: https://www.youtube.com/watch?v=SjILQ6cX_Vo	
Inorganic Chemistry	d and f block elements	4	Why study D-block elements?	https://youtu.be/w0S7AE3zy30?t=404		#		Unit 11	d- and f-Block Elements	High	Replace/standardize to JEE Wallah	D&F Block Elements: Chemistry | Class 12th/JEE	https://www.youtube.com/playlist?list=PLxyGaR3hEy3gdHYnioIhFXM5fuOUNIoym	JEE Wallah playlist; search result says 6 lessons / 9 hours. One-shot candidate: https://www.youtube.com/watch?v=SjILQ6cX_Vo	
Inorganic Chemistry	d and f block elements	5	Say Hello to “D Block Elements”	https://youtu.be/w0S7AE3zy30?t=437		#		Unit 11	d- and f-Block Elements	High	Replace/standardize to JEE Wallah	D&F Block Elements: Chemistry | Class 12th/JEE	https://www.youtube.com/playlist?list=PLxyGaR3hEy3gdHYnioIhFXM5fuOUNIoym	JEE Wallah playlist; search result says 6 lessons / 9 hours. One-shot candidate: https://www.youtube.com/watch?v=SjILQ6cX_Vo	
Inorganic Chemistry	d and f block elements	6	D Block Elements: Electronic Configuration	https://youtu.be/w0S7AE3zy30?t=546		#		Unit 11	d- and f-Block Elements	High	Replace/standardize to JEE Wallah	D&F Block Elements: Chemistry | Class 12th/JEE	https://www.youtube.com/playlist?list=PLxyGaR3hEy3gdHYnioIhFXM5fuOUNIoym	JEE Wallah playlist; search result says 6 lessons / 9 hours. One-shot candidate: https://www.youtube.com/watch?v=SjILQ6cX_Vo	
Inorganic Chemistry	d and f block elements	7	D Block Elements: Trends	https://youtu.be/w0S7AE3zy30?t=674		#		Unit 11	d- and f-Block Elements	High	Replace/standardize to JEE Wallah	D&F Block Elements: Chemistry | Class 12th/JEE	https://www.youtube.com/playlist?list=PLxyGaR3hEy3gdHYnioIhFXM5fuOUNIoym	JEE Wallah playlist; search result says 6 lessons / 9 hours. One-shot candidate: https://www.youtube.com/watch?v=SjILQ6cX_Vo	
Inorganic Chemistry	d and f block elements	8	Trends : Physical Properties	https://youtu.be/w0S7AE3zy30?t=753		#		Unit 11	d- and f-Block Elements	High	Replace/standardize to JEE Wallah	D&F Block Elements: Chemistry | Class 12th/JEE	https://www.youtube.com/playlist?list=PLxyGaR3hEy3gdHYnioIhFXM5fuOUNIoym	JEE Wallah playlist; search result says 6 lessons / 9 hours. One-shot candidate: https://www.youtube.com/watch?v=SjILQ6cX_Vo	
Inorganic Chemistry	d and f block elements	9	Trends: Atomic Size	https://youtu.be/w0S7AE3zy30?t=1346		#		Unit 11	d- and f-Block Elements	High	Replace/standardize to JEE Wallah	D&F Block Elements: Chemistry | Class 12th/JEE	https://www.youtube.com/playlist?list=PLxyGaR3hEy3gdHYnioIhFXM5fuOUNIoym	JEE Wallah playlist; search result says 6 lessons / 9 hours. One-shot candidate: https://www.youtube.com/watch?v=SjILQ6cX_Vo	
Inorganic Chemistry	d and f block elements	10	D Block Elements : Trends : Ionization Enthalpy	https://youtu.be/w0S7AE3zy30?t=1995		#		Unit 11	d- and f-Block Elements	High	Replace/standardize to JEE Wallah	D&F Block Elements: Chemistry | Class 12th/JEE	https://www.youtube.com/playlist?list=PLxyGaR3hEy3gdHYnioIhFXM5fuOUNIoym	JEE Wallah playlist; search result says 6 lessons / 9 hours. One-shot candidate: https://www.youtube.com/watch?v=SjILQ6cX_Vo	
Inorganic Chemistry	d and f block elements	11	Trends : Oxidation States	https://youtu.be/w0S7AE3zy30?t=2364		#		Unit 11	d- and f-Block Elements	High	Replace/standardize to JEE Wallah	D&F Block Elements: Chemistry | Class 12th/JEE	https://www.youtube.com/playlist?list=PLxyGaR3hEy3gdHYnioIhFXM5fuOUNIoym	JEE Wallah playlist; search result says 6 lessons / 9 hours. One-shot candidate: https://www.youtube.com/watch?v=SjILQ6cX_Vo	
Inorganic Chemistry	d and f block elements	12	Standard Electrode Potential (M²⁺ / M)	https://youtu.be/w0S7AE3zy30?t=2717		#		Unit 11	d- and f-Block Elements	High	Replace/standardize to JEE Wallah	D&F Block Elements: Chemistry | Class 12th/JEE	https://www.youtube.com/playlist?list=PLxyGaR3hEy3gdHYnioIhFXM5fuOUNIoym	JEE Wallah playlist; search result says 6 lessons / 9 hours. One-shot candidate: https://www.youtube.com/watch?v=SjILQ6cX_Vo	
Inorganic Chemistry	d and f block elements	13	Standard Electrode Potential (M³⁺ / M²⁺)	https://youtu.be/w0S7AE3zy30?t=3015		#		Unit 11	d- and f-Block Elements	High	Replace/standardize to JEE Wallah	D&F Block Elements: Chemistry | Class 12th/JEE	https://www.youtube.com/playlist?list=PLxyGaR3hEy3gdHYnioIhFXM5fuOUNIoym	JEE Wallah playlist; search result says 6 lessons / 9 hours. One-shot candidate: https://www.youtube.com/watch?v=SjILQ6cX_Vo	
Inorganic Chemistry	d and f block elements	14	Trends: Stability of Higher Oxidation State: Halides	https://youtu.be/w0S7AE3zy30?t=3241		#		Unit 11	d- and f-Block Elements	High	Replace/standardize to JEE Wallah	D&F Block Elements: Chemistry | Class 12th/JEE	https://www.youtube.com/playlist?list=PLxyGaR3hEy3gdHYnioIhFXM5fuOUNIoym	JEE Wallah playlist; search result says 6 lessons / 9 hours. One-shot candidate: https://www.youtube.com/watch?v=SjILQ6cX_Vo	
Inorganic Chemistry	d and f block elements	15	Magnetic Properties	https://youtu.be/w0S7AE3zy30?t=3380		#		Unit 11	d- and f-Block Elements	High	Replace/standardize to JEE Wallah	D&F Block Elements: Chemistry | Class 12th/JEE	https://www.youtube.com/playlist?list=PLxyGaR3hEy3gdHYnioIhFXM5fuOUNIoym	JEE Wallah playlist; search result says 6 lessons / 9 hours. One-shot candidate: https://www.youtube.com/watch?v=SjILQ6cX_Vo	
Inorganic Chemistry	d and f block elements	16	Formation of Coloured Ions	https://youtu.be/w0S7AE3zy30?t=3518		#		Unit 11	d- and f-Block Elements	High	Replace/standardize to JEE Wallah	D&F Block Elements: Chemistry | Class 12th/JEE	https://www.youtube.com/playlist?list=PLxyGaR3hEy3gdHYnioIhFXM5fuOUNIoym	JEE Wallah playlist; search result says 6 lessons / 9 hours. One-shot candidate: https://www.youtube.com/watch?v=SjILQ6cX_Vo	
Inorganic Chemistry	d and f block elements	17	Formation of Complex Compounds	https://youtu.be/w0S7AE3zy30?t=3887		#		Unit 11	d- and f-Block Elements	High	Replace/standardize to JEE Wallah	D&F Block Elements: Chemistry | Class 12th/JEE	https://www.youtube.com/playlist?list=PLxyGaR3hEy3gdHYnioIhFXM5fuOUNIoym	JEE Wallah playlist; search result says 6 lessons / 9 hours. One-shot candidate: https://www.youtube.com/watch?v=SjILQ6cX_Vo	
Inorganic Chemistry	d and f block elements	18	Catalytic Properties	https://youtu.be/w0S7AE3zy30?t=4020		#		Unit 11	d- and f-Block Elements	High	Replace/standardize to JEE Wallah	D&F Block Elements: Chemistry | Class 12th/JEE	https://www.youtube.com/playlist?list=PLxyGaR3hEy3gdHYnioIhFXM5fuOUNIoym	JEE Wallah playlist; search result says 6 lessons / 9 hours. One-shot candidate: https://www.youtube.com/watch?v=SjILQ6cX_Vo	
Inorganic Chemistry	d and f block elements	19	Formation of Interstitial Compounds	https://youtu.be/w0S7AE3zy30?t=4233		#		Unit 11	d- and f-Block Elements	High	Replace/standardize to JEE Wallah	D&F Block Elements: Chemistry | Class 12th/JEE	https://www.youtube.com/playlist?list=PLxyGaR3hEy3gdHYnioIhFXM5fuOUNIoym	JEE Wallah playlist; search result says 6 lessons / 9 hours. One-shot candidate: https://www.youtube.com/watch?v=SjILQ6cX_Vo	
Inorganic Chemistry	d and f block elements	20	Alloys	https://youtu.be/w0S7AE3zy30?t=4320		#		Unit 11	d- and f-Block Elements	High	Replace/standardize to JEE Wallah	D&F Block Elements: Chemistry | Class 12th/JEE	https://www.youtube.com/playlist?list=PLxyGaR3hEy3gdHYnioIhFXM5fuOUNIoym	JEE Wallah playlist; search result says 6 lessons / 9 hours. One-shot candidate: https://www.youtube.com/watch?v=SjILQ6cX_Vo	
Inorganic Chemistry	d and f block elements	21	Alloys: Examples	https://youtu.be/w0S7AE3zy30?t=4484		#		Unit 11	d- and f-Block Elements	High	Replace/standardize to JEE Wallah	D&F Block Elements: Chemistry | Class 12th/JEE	https://www.youtube.com/playlist?list=PLxyGaR3hEy3gdHYnioIhFXM5fuOUNIoym	JEE Wallah playlist; search result says 6 lessons / 9 hours. One-shot candidate: https://www.youtube.com/watch?v=SjILQ6cX_Vo	
Inorganic Chemistry	d and f block elements	22	Potassium Permanganate (KMnO₄)	https://youtu.be/w0S7AE3zy30?t=4740		#		Unit 11	d- and f-Block Elements	High	Replace/standardize to JEE Wallah	D&F Block Elements: Chemistry | Class 12th/JEE	https://www.youtube.com/playlist?list=PLxyGaR3hEy3gdHYnioIhFXM5fuOUNIoym	JEE Wallah playlist; search result says 6 lessons / 9 hours. One-shot candidate: https://www.youtube.com/watch?v=SjILQ6cX_Vo	
Inorganic Chemistry	d and f block elements	23	Physical Properties : KMnO₄	https://youtu.be/w0S7AE3zy30?t=6161		#		Unit 11	d- and f-Block Elements	High	Replace/standardize to JEE Wallah	D&F Block Elements: Chemistry | Class 12th/JEE	https://www.youtube.com/playlist?list=PLxyGaR3hEy3gdHYnioIhFXM5fuOUNIoym	JEE Wallah playlist; search result says 6 lessons / 9 hours. One-shot candidate: https://www.youtube.com/watch?v=SjILQ6cX_Vo	
Inorganic Chemistry	d and f block elements	24	Chemical Properties : KMnO₄	https://youtu.be/w0S7AE3zy30?t=6535		#		Unit 11	d- and f-Block Elements	High	Replace/standardize to JEE Wallah	D&F Block Elements: Chemistry | Class 12th/JEE	https://www.youtube.com/playlist?list=PLxyGaR3hEy3gdHYnioIhFXM5fuOUNIoym	JEE Wallah playlist; search result says 6 lessons / 9 hours. One-shot candidate: https://www.youtube.com/watch?v=SjILQ6cX_Vo	
Inorganic Chemistry	d and f block elements	25	Reactions in Acidic Medium : KMnO₄	https://youtu.be/w0S7AE3zy30?t=6942		#		Unit 11	d- and f-Block Elements	High	Replace/standardize to JEE Wallah	D&F Block Elements: Chemistry | Class 12th/JEE	https://www.youtube.com/playlist?list=PLxyGaR3hEy3gdHYnioIhFXM5fuOUNIoym	JEE Wallah playlist; search result says 6 lessons / 9 hours. One-shot candidate: https://www.youtube.com/watch?v=SjILQ6cX_Vo	
Inorganic Chemistry	d and f block elements	26	Reactions in Faintly Alkaline Medium : KMnO₄	https://youtu.be/w0S7AE3zy30?t=7966		#		Unit 11	d- and f-Block Elements	High	Replace/standardize to JEE Wallah	D&F Block Elements: Chemistry | Class 12th/JEE	https://www.youtube.com/playlist?list=PLxyGaR3hEy3gdHYnioIhFXM5fuOUNIoym	JEE Wallah playlist; search result says 6 lessons / 9 hours. One-shot candidate: https://www.youtube.com/watch?v=SjILQ6cX_Vo	
Inorganic Chemistry	d and f block elements	27	Reactions in Neutral Medium : KMnO₄	https://youtu.be/w0S7AE3zy30?t=8651		#		Unit 11	d- and f-Block Elements	High	Replace/standardize to JEE Wallah	D&F Block Elements: Chemistry | Class 12th/JEE	https://www.youtube.com/playlist?list=PLxyGaR3hEy3gdHYnioIhFXM5fuOUNIoym	JEE Wallah playlist; search result says 6 lessons / 9 hours. One-shot candidate: https://www.youtube.com/watch?v=SjILQ6cX_Vo	
Inorganic Chemistry	d and f block elements	28	Potassium Dichromate (K₂Cr₂O₇)	https://youtu.be/w0S7AE3zy30?t=8751		#		Unit 11	d- and f-Block Elements	High	Replace/standardize to JEE Wallah	D&F Block Elements: Chemistry | Class 12th/JEE	https://www.youtube.com/playlist?list=PLxyGaR3hEy3gdHYnioIhFXM5fuOUNIoym	JEE Wallah playlist; search result says 6 lessons / 9 hours. One-shot candidate: https://www.youtube.com/watch?v=SjILQ6cX_Vo	
Inorganic Chemistry	d and f block elements	29	Chromate – Dichromate Equilibrium	https://youtu.be/w0S7AE3zy30?t=8668		#		Unit 11	d- and f-Block Elements	High	Replace/standardize to JEE Wallah	D&F Block Elements: Chemistry | Class 12th/JEE	https://www.youtube.com/playlist?list=PLxyGaR3hEy3gdHYnioIhFXM5fuOUNIoym	JEE Wallah playlist; search result says 6 lessons / 9 hours. One-shot candidate: https://www.youtube.com/watch?v=SjILQ6cX_Vo	
Inorganic Chemistry	d and f block elements	30	K₂Cr₂O₇ : Oxidising Reactions	https://youtu.be/w0S7AE3zy30?t=8944		#		Unit 11	d- and f-Block Elements	High	Replace/standardize to JEE Wallah	D&F Block Elements: Chemistry | Class 12th/JEE	https://www.youtube.com/playlist?list=PLxyGaR3hEy3gdHYnioIhFXM5fuOUNIoym	JEE Wallah playlist; search result says 6 lessons / 9 hours. One-shot candidate: https://www.youtube.com/watch?v=SjILQ6cX_Vo	
Inorganic Chemistry	d and f block elements	31	f-block Elements (Inner Transition Metals)	https://youtu.be/w0S7AE3zy30?t=9358		#		Unit 11	d- and f-Block Elements	High	Replace/standardize to JEE Wallah	D&F Block Elements: Chemistry | Class 12th/JEE	https://www.youtube.com/playlist?list=PLxyGaR3hEy3gdHYnioIhFXM5fuOUNIoym	JEE Wallah playlist; search result says 6 lessons / 9 hours. One-shot candidate: https://www.youtube.com/watch?v=SjILQ6cX_Vo	
Inorganic Chemistry	d and f block elements	32	Say Hello to Lanthanides!	https://youtu.be/w0S7AE3zy30?t=8972		#		Unit 11	d- and f-Block Elements	High	Replace/standardize to JEE Wallah	D&F Block Elements: Chemistry | Class 12th/JEE	https://www.youtube.com/playlist?list=PLxyGaR3hEy3gdHYnioIhFXM5fuOUNIoym	JEE Wallah playlist; search result says 6 lessons / 9 hours. One-shot candidate: https://www.youtube.com/watch?v=SjILQ6cX_Vo	
Inorganic Chemistry	d and f block elements	33	Lanthanides: Trends - Electronic Configuration	https://youtu.be/w0S7AE3zy30?t=10352		#		Unit 11	d- and f-Block Elements	High	Replace/standardize to JEE Wallah	D&F Block Elements: Chemistry | Class 12th/JEE	https://www.youtube.com/playlist?list=PLxyGaR3hEy3gdHYnioIhFXM5fuOUNIoym	JEE Wallah playlist; search result says 6 lessons / 9 hours. One-shot candidate: https://www.youtube.com/watch?v=SjILQ6cX_Vo	
Inorganic Chemistry	d and f block elements	34	Lanthanides: Trends - Atomic Size	https://youtu.be/w0S7AE3zy30?t=10391		#		Unit 11	d- and f-Block Elements	High	Replace/standardize to JEE Wallah	D&F Block Elements: Chemistry | Class 12th/JEE	https://www.youtube.com/playlist?list=PLxyGaR3hEy3gdHYnioIhFXM5fuOUNIoym	JEE Wallah playlist; search result says 6 lessons / 9 hours. One-shot candidate: https://www.youtube.com/watch?v=SjILQ6cX_Vo	
Inorganic Chemistry	d and f block elements	35	Lanthanides: Trends - Oxidation States	https://youtu.be/w0S7AE3zy30?t=10492		#		Unit 11	d- and f-Block Elements	High	Replace/standardize to JEE Wallah	D&F Block Elements: Chemistry | Class 12th/JEE	https://www.youtube.com/playlist?list=PLxyGaR3hEy3gdHYnioIhFXM5fuOUNIoym	JEE Wallah playlist; search result says 6 lessons / 9 hours. One-shot candidate: https://www.youtube.com/watch?v=SjILQ6cX_Vo	
Inorganic Chemistry	d and f block elements	36	Lanthanides: Trends - General Characteristics	https://youtu.be/w0S7AE3zy30?t=10423		#		Unit 11	d- and f-Block Elements	High	Replace/standardize to JEE Wallah	D&F Block Elements: Chemistry | Class 12th/JEE	https://www.youtube.com/playlist?list=PLxyGaR3hEy3gdHYnioIhFXM5fuOUNIoym	JEE Wallah playlist; search result says 6 lessons / 9 hours. One-shot candidate: https://www.youtube.com/watch?v=SjILQ6cX_Vo	
Inorganic Chemistry	d and f block elements	37	F Block: Actinides	https://youtu.be/w0S7AE3zy30?t=10595		#		Unit 11	d- and f-Block Elements	High	Replace/standardize to JEE Wallah	D&F Block Elements: Chemistry | Class 12th/JEE	https://www.youtube.com/playlist?list=PLxyGaR3hEy3gdHYnioIhFXM5fuOUNIoym	JEE Wallah playlist; search result says 6 lessons / 9 hours. One-shot candidate: https://www.youtube.com/watch?v=SjILQ6cX_Vo	
Inorganic Chemistry	d and f block elements	38	Actinoids: Electronic Configuration	https://youtu.be/w0S7AE3zy30?t=10817		#		Unit 11	d- and f-Block Elements	High	Replace/standardize to JEE Wallah	D&F Block Elements: Chemistry | Class 12th/JEE	https://www.youtube.com/playlist?list=PLxyGaR3hEy3gdHYnioIhFXM5fuOUNIoym	JEE Wallah playlist; search result says 6 lessons / 9 hours. One-shot candidate: https://www.youtube.com/watch?v=SjILQ6cX_Vo	
Inorganic Chemistry	d and f block elements	39	Actinoids: Atomic Size	https://youtu.be/w0S7AE3zy30?t=10878		#		Unit 11	d- and f-Block Elements	High	Replace/standardize to JEE Wallah	D&F Block Elements: Chemistry | Class 12th/JEE	https://www.youtube.com/playlist?list=PLxyGaR3hEy3gdHYnioIhFXM5fuOUNIoym	JEE Wallah playlist; search result says 6 lessons / 9 hours. One-shot candidate: https://www.youtube.com/watch?v=SjILQ6cX_Vo	
Inorganic Chemistry	d and f block elements	40	Actinoids: Oxidation States	https://youtu.be/w0S7AE3zy30?t=10933		#		Unit 11	d- and f-Block Elements	High	Replace/standardize to JEE Wallah	D&F Block Elements: Chemistry | Class 12th/JEE	https://www.youtube.com/playlist?list=PLxyGaR3hEy3gdHYnioIhFXM5fuOUNIoym	JEE Wallah playlist; search result says 6 lessons / 9 hours. One-shot candidate: https://www.youtube.com/watch?v=SjILQ6cX_Vo	
Inorganic Chemistry	d and f block elements	41	General Characteristics	https://youtu.be/w0S7AE3zy30?t=11064		#		Unit 11	d- and f-Block Elements	High	Replace/standardize to JEE Wallah	D&F Block Elements: Chemistry | Class 12th/JEE	https://www.youtube.com/playlist?list=PLxyGaR3hEy3gdHYnioIhFXM5fuOUNIoym	JEE Wallah playlist; search result says 6 lessons / 9 hours. One-shot candidate: https://www.youtube.com/watch?v=SjILQ6cX_Vo	
Inorganic Chemistry	d and f block elements	42	d-&f-block elements: Applications	https://youtu.be/w0S7AE3zy30?t=11135		#		Unit 11	d- and f-Block Elements	High	Replace/standardize to JEE Wallah	D&F Block Elements: Chemistry | Class 12th/JEE	https://www.youtube.com/playlist?list=PLxyGaR3hEy3gdHYnioIhFXM5fuOUNIoym	JEE Wallah playlist; search result says 6 lessons / 9 hours. One-shot candidate: https://www.youtube.com/watch?v=SjILQ6cX_Vo	
Inorganic Chemistry	Coordination Compounds	1	Introduction	https://youtu.be/PpuPUMfr91Y?t=0		#		Unit 12	Coordination Compounds	High	Replace/standardize to JEE Wallah	Coordination Chemistry: Chemistry | Class 12th/JEE	https://www.youtube.com/playlist?list=PLxyGaR3hEy3gH4UNRgnJK3rYaY38UlfPj	JEE Wallah playlist; search result confirms playlist. Playlist contents should be enumerated later.	
Inorganic Chemistry	Coordination Compounds	2	Coordination Compounds	https://youtu.be/PpuPUMfr91Y?t=51		#		Unit 12	Coordination Compounds	High	Replace/standardize to JEE Wallah	Coordination Chemistry: Chemistry | Class 12th/JEE	https://www.youtube.com/playlist?list=PLxyGaR3hEy3gH4UNRgnJK3rYaY38UlfPj	JEE Wallah playlist; search result confirms playlist. Playlist contents should be enumerated later.	
Inorganic Chemistry	Coordination Compounds	3	Why study Coordination Compounds?	https://youtu.be/PpuPUMfr91Y?t=145		#		Unit 12	Coordination Compounds	High	Replace/standardize to JEE Wallah	Coordination Chemistry: Chemistry | Class 12th/JEE	https://www.youtube.com/playlist?list=PLxyGaR3hEy3gH4UNRgnJK3rYaY38UlfPj	JEE Wallah playlist; search result confirms playlist. Playlist contents should be enumerated later.	
Inorganic Chemistry	Coordination Compounds	4	Theory on Coordination Compounds	https://youtu.be/PpuPUMfr91Y?t=208		#		Unit 12	Coordination Compounds	High	Replace/standardize to JEE Wallah	Coordination Chemistry: Chemistry | Class 12th/JEE	https://www.youtube.com/playlist?list=PLxyGaR3hEy3gH4UNRgnJK3rYaY38UlfPj	JEE Wallah playlist; search result confirms playlist. Playlist contents should be enumerated later.	
Inorganic Chemistry	Coordination Compounds	5	Alfred Werner	https://youtu.be/PpuPUMfr91Y?t=230		#		Unit 12	Coordination Compounds	High	Replace/standardize to JEE Wallah	Coordination Chemistry: Chemistry | Class 12th/JEE	https://www.youtube.com/playlist?list=PLxyGaR3hEy3gH4UNRgnJK3rYaY38UlfPj	JEE Wallah playlist; search result confirms playlist. Playlist contents should be enumerated later.	
Inorganic Chemistry	Coordination Compounds	6	Werner Theory of Coordination Compounds	https://youtu.be/PpuPUMfr91Y?t=261		#		Unit 12	Coordination Compounds	High	Replace/standardize to JEE Wallah	Coordination Chemistry: Chemistry | Class 12th/JEE	https://www.youtube.com/playlist?list=PLxyGaR3hEy3gH4UNRgnJK3rYaY38UlfPj	JEE Wallah playlist; search result confirms playlist. Playlist contents should be enumerated later.	
Inorganic Chemistry	Coordination Compounds	7	Double Salt Vs. Complex	https://youtu.be/PpuPUMfr91Y?t=1217		#		Unit 12	Coordination Compounds	High	Replace/standardize to JEE Wallah	Coordination Chemistry: Chemistry | Class 12th/JEE	https://www.youtube.com/playlist?list=PLxyGaR3hEy3gH4UNRgnJK3rYaY38UlfPj	JEE Wallah playlist; search result confirms playlist. Playlist contents should be enumerated later.	
Inorganic Chemistry	Coordination Compounds	8	Coordination Compounds: New Terms	https://youtu.be/PpuPUMfr91Y?t=1312		#		Unit 12	Coordination Compounds	High	Replace/standardize to JEE Wallah	Coordination Chemistry: Chemistry | Class 12th/JEE	https://www.youtube.com/playlist?list=PLxyGaR3hEy3gH4UNRgnJK3rYaY38UlfPj	JEE Wallah playlist; search result confirms playlist. Playlist contents should be enumerated later.	
Inorganic Chemistry	Coordination Compounds	9	Coordination Entity	https://youtu.be/PpuPUMfr91Y?t=1390		#		Unit 12	Coordination Compounds	High	Replace/standardize to JEE Wallah	Coordination Chemistry: Chemistry | Class 12th/JEE	https://www.youtube.com/playlist?list=PLxyGaR3hEy3gH4UNRgnJK3rYaY38UlfPj	JEE Wallah playlist; search result confirms playlist. Playlist contents should be enumerated later.	
Inorganic Chemistry	Coordination Compounds	10	Central Atom/Ion	https://youtu.be/PpuPUMfr91Y?t=1461		#		Unit 12	Coordination Compounds	High	Replace/standardize to JEE Wallah	Coordination Chemistry: Chemistry | Class 12th/JEE	https://www.youtube.com/playlist?list=PLxyGaR3hEy3gH4UNRgnJK3rYaY38UlfPj	JEE Wallah playlist; search result confirms playlist. Playlist contents should be enumerated later.	
Inorganic Chemistry	Coordination Compounds	11	Ligands	https://youtu.be/PpuPUMfr91Y?t=1661		#		Unit 12	Coordination Compounds	High	Replace/standardize to JEE Wallah	Coordination Chemistry: Chemistry | Class 12th/JEE	https://www.youtube.com/playlist?list=PLxyGaR3hEy3gH4UNRgnJK3rYaY38UlfPj	JEE Wallah playlist; search result confirms playlist. Playlist contents should be enumerated later.	
Inorganic Chemistry	Coordination Compounds	12	Ligands: Chelate Complexes	https://youtu.be/PpuPUMfr91Y?t=2053		#		Unit 12	Coordination Compounds	High	Replace/standardize to JEE Wallah	Coordination Chemistry: Chemistry | Class 12th/JEE	https://www.youtube.com/playlist?list=PLxyGaR3hEy3gH4UNRgnJK3rYaY38UlfPj	JEE Wallah playlist; search result confirms playlist. Playlist contents should be enumerated later.	
Inorganic Chemistry	Coordination Compounds	13	Ligands: Denticity	https://youtu.be/PpuPUMfr91Y?t=2198		#		Unit 12	Coordination Compounds	High	Replace/standardize to JEE Wallah	Coordination Chemistry: Chemistry | Class 12th/JEE	https://www.youtube.com/playlist?list=PLxyGaR3hEy3gH4UNRgnJK3rYaY38UlfPj	JEE Wallah playlist; search result confirms playlist. Playlist contents should be enumerated later.	
Inorganic Chemistry	Coordination Compounds	14	Coordination Number	https://youtu.be/PpuPUMfr91Y?t=2236		#		Unit 12	Coordination Compounds	High	Replace/standardize to JEE Wallah	Coordination Chemistry: Chemistry | Class 12th/JEE	https://www.youtube.com/playlist?list=PLxyGaR3hEy3gH4UNRgnJK3rYaY38UlfPj	JEE Wallah playlist; search result confirms playlist. Playlist contents should be enumerated later.	
Inorganic Chemistry	Coordination Compounds	15	Coordination Sphere	https://youtu.be/PpuPUMfr91Y?t=2417		#		Unit 12	Coordination Compounds	High	Replace/standardize to JEE Wallah	Coordination Chemistry: Chemistry | Class 12th/JEE	https://www.youtube.com/playlist?list=PLxyGaR3hEy3gH4UNRgnJK3rYaY38UlfPj	JEE Wallah playlist; search result confirms playlist. Playlist contents should be enumerated later.	
Inorganic Chemistry	Coordination Compounds	16	Oxidation Number of Central Atom	https://youtu.be/PpuPUMfr91Y?t=2482		#		Unit 12	Coordination Compounds	High	Replace/standardize to JEE Wallah	Coordination Chemistry: Chemistry | Class 12th/JEE	https://www.youtube.com/playlist?list=PLxyGaR3hEy3gH4UNRgnJK3rYaY38UlfPj	JEE Wallah playlist; search result confirms playlist. Playlist contents should be enumerated later.	
Inorganic Chemistry	Coordination Compounds	17	Homoleptic & Heteroleptic Complexes	https://youtu.be/PpuPUMfr91Y?t=2633		#		Unit 12	Coordination Compounds	High	Replace/standardize to JEE Wallah	Coordination Chemistry: Chemistry | Class 12th/JEE	https://www.youtube.com/playlist?list=PLxyGaR3hEy3gH4UNRgnJK3rYaY38UlfPj	JEE Wallah playlist; search result confirms playlist. Playlist contents should be enumerated later.	
Inorganic Chemistry	Coordination Compounds	18	Nomenclature of Coordination Compounds	https://youtu.be/PpuPUMfr91Y?t=2701		#		Unit 12	Coordination Compounds	High	Replace/standardize to JEE Wallah	Coordination Chemistry: Chemistry | Class 12th/JEE	https://www.youtube.com/playlist?list=PLxyGaR3hEy3gH4UNRgnJK3rYaY38UlfPj	JEE Wallah playlist; search result confirms playlist. Playlist contents should be enumerated later.	
Organic Chemistry	Organic Chemistry: IUPAC nomenclature	1	Some Basic Principles and Naming of Alkanes	https://youtu.be/ZgccHLOj3W4	https://www.youtube.com/playlist?list=PLgqhGKMp0Djaj_Tmch5c0zjqHEEHAGivd	03_organic_chem_lectures/01_iupac_nomenclature/01_some_basic_principles_and_naming_of_alkanes.html		Unit 14	Some Basic Principles of Organic Chemistry	High	Keep current source / no change decided				
Organic Chemistry	Organic Chemistry: IUPAC nomenclature	2	Complex Substituents and Cycloalkanes	https://youtu.be/R2RvDt6NWlo	https://www.youtube.com/playlist?list=PLgqhGKMp0Djaj_Tmch5c0zjqHEEHAGivd	03_organic_chem_lectures/01_iupac_nomenclature/02_complex_substituents_and_cycloalkanes.html		Unit 14	Some Basic Principles of Organic Chemistry	High	Keep current source / no change decided				
Organic Chemistry	Organic Chemistry: IUPAC nomenclature	3	Naming of Alkenes and Alkynes	https://youtu.be/VUoEdUgvGNo	https://www.youtube.com/playlist?list=PLgqhGKMp0Djaj_Tmch5c0zjqHEEHAGivd	03_organic_chem_lectures/01_iupac_nomenclature/03_naming_of_alkenes_and_alkynes.html		Unit 14	Some Basic Principles of Organic Chemistry	High	Keep current source / no change decided				
Organic Chemistry	Organic Chemistry: IUPAC nomenclature	4	Functional Groups with Secondary Suffix	https://youtu.be/pWtpwjj7ZdY	https://www.youtube.com/playlist?list=PLgqhGKMp0Djaj_Tmch5c0zjqHEEHAGivd	03_organic_chem_lectures/01_iupac_nomenclature/04_functional_groups_with_secondary_suffix.html		Unit 14	Some Basic Principles of Organic Chemistry	High	Keep current source / no change decided				
Organic Chemistry	Organic Chemistry: IUPAC nomenclature	5	Naming of Alcohols	https://youtu.be/3nvTs9lkhag	https://www.youtube.com/playlist?list=PLgqhGKMp0Djaj_Tmch5c0zjqHEEHAGivd	03_organic_chem_lectures/01_iupac_nomenclature/05_naming_of_alcohols.html		Unit 14	Some Basic Principles of Organic Chemistry	High	Keep current source / no change decided				
Organic Chemistry	Organic Chemistry: IUPAC nomenclature	6	Naming of Aldehydes and Ketones	https://youtu.be/wIkiE0PE8bE	https://www.youtube.com/playlist?list=PLgqhGKMp0Djaj_Tmch5c0zjqHEEHAGivd	03_organic_chem_lectures/01_iupac_nomenclature/06_naming_of_aldehydes_and_ketones.html		Unit 14	Some Basic Principles of Organic Chemistry	High	Keep current source / no change decided				
Organic Chemistry	Organic Chemistry: IUPAC nomenclature	7	Naming of Carboxylic Acid and Acid Halides	https://youtu.be/OPdpILw2db0	https://www.youtube.com/playlist?list=PLgqhGKMp0Djaj_Tmch5c0zjqHEEHAGivd	03_organic_chem_lectures/01_iupac_nomenclature/07_naming_of_carboxylic_acid_and_acid_halides.html		Unit 14	Some Basic Principles of Organic Chemistry	High	Keep current source / no change decided				
Organic Chemistry	Organic Chemistry: IUPAC nomenclature	8	Naming of Acid Amides and Esters	https://youtu.be/8aQ9TL68BeU	https://www.youtube.com/playlist?list=PLgqhGKMp0Djaj_Tmch5c0zjqHEEHAGivd	03_organic_chem_lectures/01_iupac_nomenclature/08_naming_of_acid_amides_and_esters.html		Unit 14	Some Basic Principles of Organic Chemistry	High	Keep current source / no change decided				
Organic Chemistry	Organic Chemistry: IUPAC nomenclature	9	Naming of Cyanides, Amines, and Ethers	https://youtu.be/wmCl7By2wfk	https://www.youtube.com/playlist?list=PLgqhGKMp0Djaj_Tmch5c0zjqHEEHAGivd	03_organic_chem_lectures/01_iupac_nomenclature/09_naming_of_cyanides_amines_and_ethers.html		Unit 14	Some Basic Principles of Organic Chemistry	High	Keep current source / no change decided				
Organic Chemistry	Organic Chemistry: IUPAC nomenclature	10	Naming of Polyfunctional Compounds	https://youtu.be/RN7_Q38RePk	https://www.youtube.com/playlist?list=PLgqhGKMp0Djaj_Tmch5c0zjqHEEHAGivd	03_organic_chem_lectures/01_iupac_nomenclature/10_naming_of_polyfunctional_compounds.html		Unit 14	Some Basic Principles of Organic Chemistry	High	Keep current source / no change decided				
Organic Chemistry	Organic Chemistry: IUPAC nomenclature	11	Naming of Aromatic Compounds - Benzene Rings	https://youtu.be/5qE2KJS1C4U	https://www.youtube.com/playlist?list=PLgqhGKMp0Djaj_Tmch5c0zjqHEEHAGivd	03_organic_chem_lectures/01_iupac_nomenclature/11_naming_of_aromatic_compounds_benzene_rings.html		Unit 14	Some Basic Principles of Organic Chemistry	High	Keep current source / no change decided				
Organic Chemistry	Organic Chemistry: IUPAC nomenclature	12	Naming of Bicyclo and Spiro Compounds	https://youtu.be/zZAJsddI8os	https://www.youtube.com/playlist?list=PLgqhGKMp0Djaj_Tmch5c0zjqHEEHAGivd	03_organic_chem_lectures/01_iupac_nomenclature/12_naming_of_bicyclo_and_spiro_compounds.html		Unit 14	Some Basic Principles of Organic Chemistry	High	Keep current source / no change decided				
Organic Chemistry	Organic Chemistry: Isomerism	1	Introduction: Chain and Position Isomerism	https://youtu.be/mq1L2plDTrU	https://www.youtube.com/playlist?list=PLF_7kfnwLFCFXbEZgV5ymIMOeBRoABXqw	03_organic_chem_lectures/02_organic_chemistry_isomerism/01_introduction_chain_and_position_isomerism.html	03_organic_chem_lectures/02_organic_chemistry_isomerism_OLD/01_introduction_chain_and_position_isomerism.html	Unit 14	Some Basic Principles of Organic Chemistry	High	Keep current source / no change decided				
Organic Chemistry	Organic Chemistry: Isomerism	2	How to Find Total Structural Isomers	https://youtu.be/_RsvQC69GqE	https://www.youtube.com/playlist?list=PLF_7kfnwLFCFXbEZgV5ymIMOeBRoABXqw	03_organic_chem_lectures/02_organic_chemistry_isomerism/02_how_to_find_total_structural_isomers.html	03_organic_chem_lectures/02_organic_chemistry_isomerism_OLD/02_how_to_find_total_structural_isomers.html	Unit 14	Some Basic Principles of Organic Chemistry	High	Keep current source / no change decided				
Organic Chemistry	Organic Chemistry: Isomerism	3	Functional Isomerism, Metamerism, Ring-Chain Isomerism	https://youtu.be/9gti5tVKAwY	https://www.youtube.com/playlist?list=PLF_7kfnwLFCFXbEZgV5ymIMOeBRoABXqw	03_organic_chem_lectures/02_organic_chemistry_isomerism/03_functional_isomerism_metamerism_ring_chain_isomerism.html	03_organic_chem_lectures/02_organic_chemistry_isomerism_OLD/03_functional_isomerism_metamerism_ring_chain_isomerism.html	Unit 14	Some Basic Principles of Organic Chemistry	High	Keep current source / no change decided				
Organic Chemistry	Organic Chemistry: Isomerism	4	Tautomerism 01: Condition to Show Tautomerism and Special Cases	https://youtu.be/MdBxRUu81W4	https://www.youtube.com/playlist?list=PLF_7kfnwLFCFXbEZgV5ymIMOeBRoABXqw	03_organic_chem_lectures/02_organic_chemistry_isomerism/04_tautomerism_01_condition_to_show_tautomerism_and_special_cases.html		Unit 14	Some Basic Principles of Organic Chemistry	High	Keep current source / no change decided				
Organic Chemistry	Organic Chemistry: Isomerism	5	Tautomerism 02: Percentage of Enol Content & Stability of Enol	https://youtu.be/f97VxiXfjl8	https://www.youtube.com/playlist?list=PLF_7kfnwLFCFXbEZgV5ymIMOeBRoABXqw	03_organic_chem_lectures/02_organic_chemistry_isomerism/05_tautomerism_02_percentage_of_enol_content_stability_of_enol.html		Unit 14	Some Basic Principles of Organic Chemistry	High	Keep current source / no change decided				
Organic Chemistry	Organic Chemistry: Isomerism	6	Stereoisomerism: Geometrical Isomers 01 | Cis-Trans / E-Z / Syn-Anti	https://youtu.be/C7CMdH2w0wE	https://www.youtube.com/playlist?list=PLF_7kfnwLFCFXbEZgV5ymIMOeBRoABXqw	03_organic_chem_lectures/02_organic_chemistry_isomerism/06_stereoisomerism_geometrical_isomers_01_cis_trans_e_z_syn_anti.html	03_organic_chem_lectures/02_organic_chemistry_isomerism_OLD/06_stereoisomerism_geometrical_isomers_01_cis_trans_e_z_syn_anti.html	Unit 14	Some Basic Principles of Organic Chemistry	High	Keep current source / no change decided				
Organic Chemistry	Organic Chemistry: Isomerism	7	Geometrical Isomers 02: Cycloalkanes, Allenes, Spiro, Biphenyl	https://youtu.be/K9feZA-x0j4	https://www.youtube.com/playlist?list=PLF_7kfnwLFCFXbEZgV5ymIMOeBRoABXqw	03_organic_chem_lectures/02_organic_chemistry_isomerism/07_geometrical_isomers_02_cycloalkanes_allenes_spiro_biphenyl.html		Unit 14	Some Basic Principles of Organic Chemistry	High	Keep current source / no change decided				
Organic Chemistry	Organic Chemistry: Isomerism	8	Geometrical Isomers 03: Number of Geometrical Isomers	https://youtu.be/Ukyrbpu99mk	https://www.youtube.com/playlist?list=PLF_7kfnwLFCFXbEZgV5ymIMOeBRoABXqw	03_organic_chem_lectures/02_organic_chemistry_isomerism/08_geometrical_isomers_03_number_of_geometrical_isomers.html		Unit 14	Some Basic Principles of Organic Chemistry	High	Keep current source / no change decided				
Organic Chemistry	Organic Chemistry: Isomerism	9	Optical Isomers 01: Introduction - Chiral Centre and Enantiomers	https://youtu.be/ZiPzgGVJDvY	https://www.youtube.com/playlist?list=PLF_7kfnwLFCFXbEZgV5ymIMOeBRoABXqw	03_organic_chem_lectures/02_organic_chemistry_isomerism/09_optical_isomers_01_introduction_chiral_centre_and_enantiomers.html	03_organic_chem_lectures/02_organic_chemistry_isomerism_OLD/09_optical_isomers_01_introduction_chiral_centre_and_enantiomers.html	Unit 14	Some Basic Principles of Organic Chemistry	High	Keep current source / no change decided				
Organic Chemistry	Organic Chemistry: Isomerism	10	Optical Isomers 02: Plane of Symmetry and Centre of Symmetry	https://youtu.be/2Lad_FQ7K2w	https://www.youtube.com/playlist?list=PLF_7kfnwLFCFXbEZgV5ymIMOeBRoABXqw	03_organic_chem_lectures/02_organic_chemistry_isomerism/10_optical_isomers_02_plane_of_symmetry_and_centre_of_symmetry.html		Unit 14	Some Basic Principles of Organic Chemistry	High	Keep current source / no change decided				
Organic Chemistry	Organic Chemistry: Isomerism	11	Optical Isomers 03: Enantiomers, Diastereomers, Meso, Total Isomers	https://youtu.be/kfMToOXhpZk	https://www.youtube.com/playlist?list=PLF_7kfnwLFCFXbEZgV5ymIMOeBRoABXqw	03_organic_chem_lectures/02_organic_chemistry_isomerism/11_optical_isomers_03_enantiomers_diastereomers_meso_total_isomers.html		Unit 14	Some Basic Principles of Organic Chemistry	High	Keep current source / no change decided				
Organic Chemistry	Organic Chemistry: Isomerism	12	Optical Isomers 04: Wedge Dash and Fischer Projections with R-S Configurations	https://youtu.be/Mjgnb1DU3LE	https://www.youtube.com/playlist?list=PLF_7kfnwLFCFXbEZgV5ymIMOeBRoABXqw	03_organic_chem_lectures/02_organic_chemistry_isomerism/12_optical_isomers_04_wedge_dash_and_fischer_projections_with_r_s_configurations.html		Unit 14	Some Basic Principles of Organic Chemistry	High	Keep current source / no change decided				
Organic Chemistry	Organic Chemistry: Isomerism	13	Optical Isomers 05: Optical Isomerism in Allene, Spiro and Biphenyl	https://youtu.be/_hK2-WkRAO0	https://www.youtube.com/playlist?list=PLF_7kfnwLFCFXbEZgV5ymIMOeBRoABXqw	03_organic_chem_lectures/02_organic_chemistry_isomerism/13_optical_isomers_05_optical_isomerism_in_allene_spiro_and_biphenyl.html		Unit 14	Some Basic Principles of Organic Chemistry	High	Keep current source / no change decided				
Organic Chemistry	Organic Chemistry: GOC	1	Inductive Effect and Acidic Strength	https://youtu.be/hdAW3ng8gx0	https://www.youtube.com/playlist?list=PLF_7kfnwLFCGnyrRfiT8251OrVqJzHnBM	03_organic_chem_lectures/03_organic_chemistry_goc/01_inductive_effect_and_acidic_strength.html		Unit 14	Some Basic Principles of Organic Chemistry	High	Keep current source / no change decided				
Organic Chemistry	Organic Chemistry: GOC	2	Resonance 01: How to Draw Resonance Structures	https://youtu.be/rHMMX18a8ME	https://www.youtube.com/playlist?list=PLF_7kfnwLFCGnyrRfiT8251OrVqJzHnBM	03_organic_chem_lectures/03_organic_chemistry_goc/02_resonance_01_how_to_draw_resonance_structures.html	03_organic_chem_lectures/03_organic_chemistry_goc_OLD/02_resonance_01_how_to_draw_resonance_structures.html	Unit 14	Some Basic Principles of Organic Chemistry	High	Keep current source / no change decided				
Organic Chemistry	Organic Chemistry: GOC	3	Resonance 02: Stability of Resonance Structures	https://youtu.be/RdcC7_E8yeM	https://www.youtube.com/playlist?list=PLF_7kfnwLFCGnyrRfiT8251OrVqJzHnBM	03_organic_chem_lectures/03_organic_chemistry_goc/03_resonance_02_stability_of_resonance_structures.html		Unit 14	Some Basic Principles of Organic Chemistry	High	Keep current source / no change decided				
Organic Chemistry	Organic Chemistry: GOC	4	Resonance 03: Mesomeric Effect Complete Topic	https://youtu.be/qkTYf0sHDiQ	https://www.youtube.com/playlist?list=PLF_7kfnwLFCGnyrRfiT8251OrVqJzHnBM	03_organic_chem_lectures/03_organic_chemistry_goc/04_resonance_03_mesomeric_effect_complete_topic.html		Unit 14	Some Basic Principles of Organic Chemistry	High	Keep current source / no change decided				
Organic Chemistry	Organic Chemistry: GOC	5	Hyperconjugation Effect in Carbocation, Free Radical	https://youtu.be/jGyb5HCz-wU	https://www.youtube.com/playlist?list=PLF_7kfnwLFCGnyrRfiT8251OrVqJzHnBM	03_organic_chem_lectures/03_organic_chemistry_goc/05_hyperconjugation_effect_in_carbocation_free_radical.html		Unit 14	Some Basic Principles of Organic Chemistry	High	Keep current source / no change decided				
Organic Chemistry	Organic Chemistry: GOC	6	Aromatic, Anti-Aromatic, and Non-Aromatic Compounds	https://youtu.be/lVbuBY0YMu4	https://www.youtube.com/playlist?list=PLF_7kfnwLFCGnyrRfiT8251OrVqJzHnBM	03_organic_chem_lectures/03_organic_chemistry_goc//06_aromatic_anti_aromatic_and_non_aromatic_compounds.html		Unit 14	Some Basic Principles of Organic Chemistry	High	Keep current source / no change decided				
Organic Chemistry	Organic Chemistry: GOC	7	Carbocation - Reaction Intermediate 01	https://youtu.be/DDYJ6piwFVU	https://www.youtube.com/playlist?list=PLF_7kfnwLFCGnyrRfiT8251OrVqJzHnBM	03_organic_chem_lectures/03_organic_chemistry_goc//07_carbocation_reaction_intermediate_01.html		Unit 14	Some Basic Principles of Organic Chemistry	High	Keep current source / no change decided				
Organic Chemistry	Organic Chemistry: GOC	8	Free Radical and Carbanion - Reaction Intermediate 02	https://youtu.be/-dEaa1mCfps	https://www.youtube.com/playlist?list=PLF_7kfnwLFCGnyrRfiT8251OrVqJzHnBM	03_organic_chem_lectures/03_organic_chemistry_goc/08_free_radical_and_carbanion_reaction_intermediate_02.html		Unit 14	Some Basic Principles of Organic Chemistry	High	Keep current source / no change decided				
Organic Chemistry	Organic Chemistry: GOC	9	Carbene || Singlet and Triplet Carbene - Reaction Intermediate 03	https://youtu.be/WsHML3uhclY	https://www.youtube.com/playlist?list=PLF_7kfnwLFCGnyrRfiT8251OrVqJzHnBM	03_organic_chem_lectures/03_organic_chemistry_goc/09_carbene_singlet_and_triplet_carbene_reaction_intermediate_03.html		Unit 14	Some Basic Principles of Organic Chemistry	High	Keep current source / no change decided				
Organic Chemistry	Organic Chemistry: GOC	10	Rearrangement of Carbocation | Hydride, Methyl, and Phenyl Shifting	https://youtu.be/_l_GOioLd2Q	https://www.youtube.com/playlist?list=PLF_7kfnwLFCGnyrRfiT8251OrVqJzHnBM	03_organic_chem_lectures/03_organic_chemistry_goc//10_rearrangement_of_carbocation_hydride_methyl_and_phenyl_shifting.html		Unit 14	Some Basic Principles of Organic Chemistry	High	Keep current source / no change decided				
Organic Chemistry	Organic Chemistry: Reaction Mechanism	1	Types of Attacking Reagents: Electrophile & Nucleophile	https://youtu.be/yMgv_yvL8o8	https://www.youtube.com/playlist?list=PLF_7kfnwLFCE-Ez19Bpn-pmE7wjBmx7Ix	03_organic_chem_lectures/04_organic_chemistry_reaction_mechanism/01_types_of_attacking_reagents_electrophile_nucleophile.html		Unit 14	Some Basic Principles of Organic Chemistry	High	Keep current source / no change decided				
Organic Chemistry	Organic Chemistry: Reaction Mechanism	2	Free Radical Substitution 01 | Halogenation of Alkane	https://youtu.be/ByfT-458Eoc	https://www.youtube.com/playlist?list=PLF_7kfnwLFCE-Ez19Bpn-pmE7wjBmx7Ix	03_organic_chem_lectures/04_organic_chemistry_reaction_mechanism/02_free_radical_substitution_01_halogenation_of_alkane.html		Unit 14	Some Basic Principles of Organic Chemistry	High	Keep current source / no change decided				
Organic Chemistry	Organic Chemistry: Reaction Mechanism	3	Free Radical Substitution 02 | Selectivity in Halogenation	https://youtu.be/iXvpYAxpvy0	https://www.youtube.com/playlist?list=PLF_7kfnwLFCE-Ez19Bpn-pmE7wjBmx7Ix	03_organic_chem_lectures/04_organic_chemistry_reaction_mechanism/03_free_radical_substitution_02_selectivity_in_halogenation.html		Unit 14	Some Basic Principles of Organic Chemistry	High	Keep current source / no change decided				
Organic Chemistry	Organic Chemistry: Reaction Mechanism	4	Free Radical Substitution 03 | Allylic Substitution	https://youtu.be/ghbjFdbn7Bs	https://www.youtube.com/playlist?list=PLF_7kfnwLFCE-Ez19Bpn-pmE7wjBmx7Ix	03_organic_chem_lectures/04_organic_chemistry_reaction_mechanism/04_free_radical_substitution_03_allylic_substitution.html		Unit 14	Some Basic Principles of Organic Chemistry	High	Keep current source / no change decided				
Organic Chemistry	Organic Chemistry: Reaction Mechanism	5	Electrophilic Substitution 01: Chlorination, Nitration in Benzene	https://youtu.be/FaqaUXfbVVg	https://www.youtube.com/playlist?list=PLF_7kfnwLFCE-Ez19Bpn-pmE7wjBmx7Ix	03_organic_chem_lectures/04_organic_chemistry_reaction_mechanism/05_electrophilic_substitution_01_chlorination_nitration_in_benzene.html		Unit 14	Some Basic Principles of Organic Chemistry	High	Keep current source / no change decided				
Organic Chemistry	Organic Chemistry: Reaction Mechanism	6	Electrophilic Substitution 02: Friedel-Crafts Reaction	https://youtu.be/DpEz-viSqIk	https://www.youtube.com/playlist?list=PLF_7kfnwLFCE-Ez19Bpn-pmE7wjBmx7Ix	03_organic_chem_lectures/04_organic_chemistry_reaction_mechanism/06_electrophilic_substitution_02_friedel_crafts_reaction.html		Unit 14	Some Basic Principles of Organic Chemistry	High	Keep current source / no change decided				
Organic Chemistry	Organic Chemistry: Reaction Mechanism	7	Electrophilic Substitution 03: Effect of Substituent on Reactivity of Benzene	https://youtu.be/DbLRZuwozuY	https://www.youtube.com/playlist?list=PLF_7kfnwLFCE-Ez19Bpn-pmE7wjBmx7Ix	03_organic_chem_lectures/04_organic_chemistry_reaction_mechanism/07_electrophilic_substitution_03_effect_of_substituent_on_reactivity_of_benzene.html		Unit 14	Some Basic Principles of Organic Chemistry	High	Keep current source / no change decided				
Organic Chemistry	Organic Chemistry: Reaction Mechanism	8	Nucleophilic Substitution 01: Leaving Group Tendency	https://youtu.be/Qwqemb3a1oc	https://www.youtube.com/playlist?list=PLF_7kfnwLFCE-Ez19Bpn-pmE7wjBmx7Ix	03_organic_chem_lectures/04_organic_chemistry_reaction_mechanism/08_nucleophilic_substitution_01_leaving_group_tendency.html		Unit 14	Some Basic Principles of Organic Chemistry	High	Keep current source / no change decided				
Organic Chemistry	Organic Chemistry: Reaction Mechanism	9	Nucleophilic Substitution 02: SN1 Reaction and Mechanism	https://youtu.be/zzaGc5J4J_E	https://www.youtube.com/playlist?list=PLF_7kfnwLFCE-Ez19Bpn-pmE7wjBmx7Ix	03_organic_chem_lectures/04_organic_chemistry_reaction_mechanism/09_nucleophilic_substitution_02_sn1_reaction_and_mechanism.html		Unit 14	Some Basic Principles of Organic Chemistry	High	Keep current source / no change decided				
Organic Chemistry	Organic Chemistry: Reaction Mechanism	10	Nucleophilic Substitution 03: SN2 Reaction and Mechanism	https://youtu.be/AkxlE-GJPHE	https://www.youtube.com/playlist?list=PLF_7kfnwLFCE-Ez19Bpn-pmE7wjBmx7Ix	03_organic_chem_lectures/04_organic_chemistry_reaction_mechanism/10_nucleophilic_substitution_03_sn2_reaction_and_mechanism.html		Unit 14	Some Basic Principles of Organic Chemistry	High	Keep current source / no change decided				
Organic Chemistry	Organic Chemistry: Reaction Mechanism	11	Electrophilic Addition 01: Addition of HX to Alkene - Markovnikov's Rule	https://youtu.be/eZfn-nN9JTI	https://www.youtube.com/playlist?list=PLF_7kfnwLFCE-Ez19Bpn-pmE7wjBmx7Ix	03_organic_chem_lectures/04_organic_chemistry_reaction_mechanism/11_electrophilic_addition_01_addition_of_hx_to_alkene_markovnikovs_rule.html		Unit 14	Some Basic Principles of Organic Chemistry	High	Keep current source / no change decided				
Organic Chemistry	Organic Chemistry: Reaction Mechanism	12	Free Radical Addition: Anti-Markovnikov's Rule	https://youtu.be/uTgJK0oIctM	https://www.youtube.com/playlist?list=PLF_7kfnwLFCE-Ez19Bpn-pmE7wjBmx7Ix	03_organic_chem_lectures/04_organic_chemistry_reaction_mechanism/12_free_radical_addition_anti_markovnikovs_rule.html		Unit 14	Some Basic Principles of Organic Chemistry	High	Keep current source / no change decided				
Organic Chemistry	Organic Chemistry: Reaction Mechanism	13	Electrophilic Addition 02: Anti Addition of Bromine	https://youtu.be/6NFYSUs0CRM	https://www.youtube.com/playlist?list=PLF_7kfnwLFCE-Ez19Bpn-pmE7wjBmx7Ix	03_organic_chem_lectures/04_organic_chemistry_reaction_mechanism/13_electrophilic_addition_02_anti_addition_of_bromine.html		Unit 14	Some Basic Principles of Organic Chemistry	High	Keep current source / no change decided				
Organic Chemistry	Organic Chemistry: Reaction Mechanism	14	Elimination Reaction 01 || E1 Reaction	https://youtu.be/VKaSaBy6U_k	https://www.youtube.com/playlist?list=PLF_7kfnwLFCE-Ez19Bpn-pmE7wjBmx7Ix	03_organic_chem_lectures/04_organic_chemistry_reaction_mechanism/14_elimination_reaction_01_e1_reaction.html		Unit 14	Some Basic Principles of Organic Chemistry	High	Keep current source / no change decided				
Organic Chemistry	Organic Chemistry: Reaction Mechanism	15	Elimination Reaction 02 || E2 Reaction	https://youtu.be/hC9jKtZOYbw	https://www.youtube.com/playlist?list=PLF_7kfnwLFCE-Ez19Bpn-pmE7wjBmx7Ix	03_organic_chem_lectures/04_organic_chemistry_reaction_mechanism/15_elimination_reaction_02_e2_reaction.html		Unit 14	Some Basic Principles of Organic Chemistry	High	Keep current source / no change decided				
Organic Chemistry	Hydrocarbons	1	Preparation of Alkanes 01: Reduction of Alkene/Alkyne & Alkyl Halides	https://youtu.be/sIBqmtI82c0	https://www.youtube.com/playlist?list=PLF_7kfnwLFCFqvbAsdBsAtL7A7CGggSZX	03_organic_chem_lectures/05_hydrocarbons/01_preparation_of_alkanes_01_reduction_of_alkene_alkyne_alkyl_halides.html		Unit 15	Hydrocarbons	High	Keep current source / no change decided				
Organic Chemistry	Hydrocarbons	2	Preparation of Alkanes 02: Wurtz Reaction (and Frankland Reaction)	https://youtu.be/TSTLwyiBZrc	https://www.youtube.com/playlist?list=PLF_7kfnwLFCFqvbAsdBsAtL7A7CGggSZX	03_organic_chem_lectures/05_hydrocarbons/02_preparation_of_alkanes_02_wurtz_reaction_and_frankland_reaction.html		Unit 15	Hydrocarbons	High	Keep current source / no change decided				
Organic Chemistry	Hydrocarbons	3	Preparation of Alkanes 03: Kolbe's Electrolytic Method	https://youtu.be/74r32fxbfK4	https://www.youtube.com/playlist?list=PLF_7kfnwLFCFqvbAsdBsAtL7A7CGggSZX	03_organic_chem_lectures/05_hydrocarbons/03_preparation_of_alkanes_03_kolbes_electrolytic_method.html		Unit 15	Hydrocarbons	High	Keep current source / no change decided				
Organic Chemistry	Hydrocarbons	4	Preparation of Alkanes 04: Soda Lime - Decarboxylation	https://youtu.be/EKaIAfxw72E	https://www.youtube.com/playlist?list=PLF_7kfnwLFCFqvbAsdBsAtL7A7CGggSZX	03_organic_chem_lectures/05_hydrocarbons/04_preparation_of_alkanes_04_soda_lime_decarboxylation.html		Unit 15	Hydrocarbons	High	Keep current source / no change decided				
Organic Chemistry	Hydrocarbons	5	Preparation of Alkanes 05: Clemenson & Wolf-Kishner Reduction, Red P /HI Method	https://youtu.be/ZYzCfimE880	https://www.youtube.com/playlist?list=PLF_7kfnwLFCFqvbAsdBsAtL7A7CGggSZX	03_organic_chem_lectures/05_hydrocarbons/05_preparation_of_alkanes_05_clemenson_wolf_kishner_reduction_red_p_hi_method.html		Unit 15	Hydrocarbons	High	Keep current source / no change decided				
Organic Chemistry	Hydrocarbons	6	Preparation of Alkanes 06: From Grignard's Reagant and Corey-House Synthesis JEE	https://www.youtube.com/watch?v=cM_PTvxDM2E	https://www.youtube.com/playlist?list=PLF_7kfnwLFCFqvbAsdBsAtL7A7CGggSZX	03_organic_chem_lectures/05_hydrocarbons/06_preparation_of_alkanes_06_Grignard's_reagant_and_Corey-House_synthesis.html		Unit 15	Hydrocarbons	High	Keep current source / no change decided				
Organic Chemistry	Hydrocarbons	7	Properties of Alkanes 01: Halogenation Of Alkane (Compilation of previous Videos)	https://www.youtube.com/watch?v=4AX0Lb9hBOI	https://www.youtube.com/playlist?list=PLF_7kfnwLFCFqvbAsdBsAtL7A7CGggSZX	03_organic_chem_lectures/05_hydrocarbons/06_properties_of_alkanes_01_halogenation_of_alkane.html		Unit 15	Hydrocarbons	High	Keep current source / no change decided				
Organic Chemistry	Hydrocarbons	8	Properties of Alkanes 02: Nitration, Sulphonation, Pyrolysis, Aromatization	https://www.youtube.com/watch?v=PzKS_OaZn0k	https://www.youtube.com/playlist?list=PLF_7kfnwLFCFqvbAsdBsAtL7A7CGggSZX	03_organic_chem_lectures/05_hydrocarbons/07_properties_of_alkanes_02_nitration_sulphonation_pyrolysis_aromatization.html		Unit 15	Hydrocarbons	High	Keep current source / no change decided				
Organic Chemistry	Hydrocarbons	9	Properties of Alkanes 03: Oxidation - Catalytic Oxidation and Combustion	https://www.youtube.com/watch?v=CEZBZo0iA3U	https://www.youtube.com/playlist?list=PLF_7kfnwLFCFqvbAsdBsAtL7A7CGggSZX	03_organic_chem_lectures/05_hydrocarbons/08_properties_of_alkanes_03_oxidation_catalytic_oxidation_combustion.html		Unit 15	Hydrocarbons	High	Keep current source / no change decided				
Organic Chemistry	Hydrocarbons	10	Preparation of Alkenes 1: Dehydration Of Alcohols and From Alkyl Halide	https://youtu.be/2vjvCYYdVXQ	https://www.youtube.com/playlist?list=PLF_7kfnwLFCFqvbAsdBsAtL7A7CGggSZX	03_organic_chem_lectures/05_hydrocarbons/09_preparation_of_alkenes_1_dehydration_of_alcohols_and_from_alkyl_halide.html		Unit 15	Hydrocarbons	High	Keep current source / no change decided				
Organic Chemistry	Hydrocarbons	11	Preparation of Alkenes 2: From Alkyne - Birch Reduction and Lindlar's Catalyst	https://youtu.be/CpaVjjeL454	https://www.youtube.com/playlist?list=PLF_7kfnwLFCFqvbAsdBsAtL7A7CGggSZX	03_organic_chem_lectures/05_hydrocarbons/10_preparation_of_alkenes_2_from_alkyne_birch_reduction_lindlars_catalyst.html		Unit 15	Hydrocarbons	High	Keep current source / no change decided				
Organic Chemistry	Hydrocarbons	12	Properties of Alkenes 1: Addition of Hydrogen, Halogen and Halogen Acid	https://youtu.be/viPN1T_z9Rc	https://www.youtube.com/playlist?list=PLF_7kfnwLFCFqvbAsdBsAtL7A7CGggSZX	03_organic_chem_lectures/05_hydrocarbons/11_properties_of_alkenes_1_addition_of_hydrogen_halogen_halogen_acid.html		Unit 15	Hydrocarbons	High	Keep current source / no change decided				
Organic Chemistry	Hydrocarbons	13	Properties of Alkenes 2: Addition of Water - Acid Catalyzed Hydration of Alkene	https://www.youtube.com/watch?v=53saGWuL-0A	https://www.youtube.com/playlist?list=PLF_7kfnwLFCFqvbAsdBsAtL7A7CGggSZX	03_organic_chem_lectures/05_hydrocarbons/12_properties_of_alkenes_2_addition_of_water_acid_catalyzed_hydration_of_alkene.html		Unit 15	Hydrocarbons	High	Keep current source / no change decided				
Organic Chemistry	Hydrocarbons	14	Properties of Alkenes 3: Addition of Water - HydroBoration-Oxidation	https://youtu.be/y4ROwu7m-Z4	https://www.youtube.com/playlist?list=PLF_7kfnwLFCFqvbAsdBsAtL7A7CGggSZX	03_organic_chem_lectures/05_hydrocarbons/13_properties_of_alkenes_3_addition_of_water_hydroboration_oxidation.html		Unit 15	Hydrocarbons	High	Keep current source / no change decided				
Organic Chemistry	Hydrocarbons	15	Properties of Alkenes 4: Addition of Water - OxyMercuration-Demercuration	https://youtu.be/VwqsHLLNOMQ	https://www.youtube.com/playlist?list=PLF_7kfnwLFCFqvbAsdBsAtL7A7CGggSZX	03_organic_chem_lectures/05_hydrocarbons/14_properties_of_alkenes_4_addition_of_water_oxymercuration_demercuration.html		Unit 15	Hydrocarbons	High	Keep current source / no change decided				
Organic Chemistry	Hydrocarbons	16	Properties of Alkenes 5: Ozonolysis - Addition of Ozone	https://youtu.be/rAb6uGLCsos	https://www.youtube.com/playlist?list=PLF_7kfnwLFCFqvbAsdBsAtL7A7CGggSZX	03_organic_chem_lectures/05_hydrocarbons/15_properties_of_alkenes_5_ozonolysis_addition_of_ozone.html		Unit 15	Hydrocarbons	High	Keep current source / no change decided				
Organic Chemistry	Haloalkanes and Haloarenes (Organic Compounds containing Halogens)	1	Preparation Of HaloAlkanes 1 - From Alkanes and Alkene	https://youtu.be/8OoPwXO110w	https://www.youtube.com/playlist?list=PLF_7kfnwLFCG-Fm0odaUEQjDTEHdyP3PP	03_organic_chem_lectures/06_haloalkanes_and_haloarenes/01_preparation_of_haloalkanes_1_from_alkanes_and_alkene.html		Unit 16	Organic Compounds Containing Halogens	High	Keep current source / no change decided				
Organic Chemistry	Haloalkanes and Haloarenes (Organic Compounds containing Halogens)	2	Preparation Of HaloAlkanes 2 - From Alcohols: Lucas Reagent and Others	https://youtu.be/QEorYP2vfaw	https://www.youtube.com/playlist?list=PLF_7kfnwLFCG-Fm0odaUEQjDTEHdyP3PP	03_organic_chem_lectures/06_haloalkanes_and_haloarenes/02_preparation_of_haloalkanes_2_from_alcohols_lucas_reagent_and_others.html		Unit 16	Organic Compounds Containing Halogens	High	Keep current source / no change decided				
Organic Chemistry	Haloalkanes and Haloarenes (Organic Compounds containing Halogens)	3	Preparation Of HaloAlkanes 3 - Halogen Exchange & Hunsdiecker Method	https://youtu.be/nUGXEYGHUco	https://www.youtube.com/playlist?list=PLF_7kfnwLFCG-Fm0odaUEQjDTEHdyP3PP	03_organic_chem_lectures/06_haloalkanes_and_haloarenes/03_preparation_of_haloalkanes_3_halogen_exchange_hunsdiecker_method.html		Unit 16	Organic Compounds Containing Halogens	High	Keep current source / no change decided				
Organic Chemistry	Haloalkanes and Haloarenes (Organic Compounds containing Halogens)	4	Properties of HaloAlkanes 1: SN1 and SN2 Reaction	https://youtu.be/k7a5aUsZ5do	https://www.youtube.com/playlist?list=PLF_7kfnwLFCG-Fm0odaUEQjDTEHdyP3PP	03_organic_chem_lectures/06_haloalkanes_and_haloarenes/04_properties_of_haloalkanes_1_sn1_and_sn2_reaction.html		Unit 16	Organic Compounds Containing Halogens	High	Keep current source / no change decided				
Organic Chemistry	Haloalkanes and Haloarenes (Organic Compounds containing Halogens)	5	Reaction with KOH / AgOH / KCN / AgCN / KNO2 / AgNO2 / NH3 / RONa / H2O	https://youtu.be/RL7wOVHVjUg	https://www.youtube.com/playlist?list=PLF_7kfnwLFCG-Fm0odaUEQjDTEHdyP3PP	03_organic_chem_lectures/06_haloalkanes_and_haloarenes/05_reaction_with_koh_agoh_kcn_agcn_kno2_agno2_nh3_rona_h2o.html		Unit 16	Organic Compounds Containing Halogens	High	Keep current source / no change decided				
Organic Chemistry	Haloalkanes and Haloarenes (Organic Compounds containing Halogens)	6	Properties of HaloAlkanes 3: Elimination Reaction - E1 & E2	https://youtu.be/5zaYHb6IYl0	https://www.youtube.com/playlist?list=PLF_7kfnwLFCG-Fm0odaUEQjDTEHdyP3PP	03_organic_chem_lectures/06_haloalkanes_and_haloarenes/06_properties_of_haloalkanes_3_elimination_reaction_e1_e2.html		Unit 16	Organic Compounds Containing Halogens	High	Keep current source / no change decided				
Organic Chemistry	Haloalkanes and Haloarenes (Organic Compounds containing Halogens)	7	Properties of HaloAlkanes 4: Reaction with Metals	https://youtu.be/EUZ-XLOUOtk	https://www.youtube.com/playlist?list=PLF_7kfnwLFCG-Fm0odaUEQjDTEHdyP3PP	03_organic_chem_lectures/06_haloalkanes_and_haloarenes/07_properties_of_haloalkanes_4_reaction_with_metals.html		Unit 16	Organic Compounds Containing Halogens	High	Keep current source / no change decided				
Organic Chemistry	Haloalkanes and Haloarenes (Organic Compounds containing Halogens)	8	Preparation of HaloArenes - Sandmeyer & Gattermann Reaction	https://youtu.be/QRODzMULKiA	https://www.youtube.com/playlist?list=PLF_7kfnwLFCG-Fm0odaUEQjDTEHdyP3PP	03_organic_chem_lectures/06_haloalkanes_and_haloarenes/08_preparation_of_haloarenes_sandmeyer_gattermann_reaction.html		Unit 16	Organic Compounds Containing Halogens	High	Keep current source / no change decided				
Organic Chemistry	Haloalkanes and Haloarenes (Organic Compounds containing Halogens)	9	Chemical Properties of HaloArenes	https://youtu.be/FTV4Z0jQFbE	https://www.youtube.com/playlist?list=PLF_7kfnwLFCG-Fm0odaUEQjDTEHdyP3PP	03_organic_chem_lectures/06_haloalkanes_and_haloarenes/09_chemical_properties_of_haloarenes.html		Unit 16	Organic Compounds Containing Halogens	High	Keep current source / no change decided				
Organic Chemistry	"Alcohols, Phenols and Ethers (Organic Compounds containing Oxygen
							1/3)"	1	Introduction, Classification & Nomenclature	https://youtu.be/IviTZ45FrJY	https://www.youtube.com/playlist?list=PLF_7kfnwLFCEllUy1_z114tXRmq7UQJlj	03_organic_chem_lectures/07_alcohols_phenols_and_ethers/01_introduction_classification_nomenclature.html					Keep current source / no change decided				
Organic Chemistry	"Alcohols, Phenols and Ethers (Organic Compounds containing Oxygen
							1/3)"	2	Preparation of Alcohols 1: From Alkenes	https://youtu.be/H2J2mqKnE3A	https://www.youtube.com/playlist?list=PLF_7kfnwLFCEllUy1_z114tXRmq7UQJlj	03_organic_chem_lectures/07_alcohols_phenols_and_ethers/02_preparation_of_alcohols_1_from_alkenes.html					Keep current source / no change decided				
Organic Chemistry	"Alcohols, Phenols and Ethers (Organic Compounds containing Oxygen
							1/3)"	3	Preparation of Alcohols 2: From Carbonyl Compounds & Carboxylic Acid	https://youtu.be/wA0WFwCX118	https://www.youtube.com/playlist?list=PLF_7kfnwLFCEllUy1_z114tXRmq7UQJlj	03_organic_chem_lectures/07_alcohols_phenols_and_ethers/03_preparation_of_alcohols_2_from_carbonyl_compounds_carboxylic_acid.html					Keep current source / no change decided				
Organic Chemistry	"Alcohols, Phenols and Ethers (Organic Compounds containing Oxygen
							1/3)"	4	Preparation of Alcohols 3: From Grignard's Reagent	https://youtu.be/18IOlI_LB3Q	https://www.youtube.com/playlist?list=PLF_7kfnwLFCEllUy1_z114tXRmq7UQJlj	03_organic_chem_lectures/07_alcohols_phenols_and_ethers/04_preparation_of_alcohols_3_from_grignards_reagent.html					Keep current source / no change decided				
Organic Chemistry	"Alcohols, Phenols and Ethers (Organic Compounds containing Oxygen
							1/3)"	5	Properties of Alcohols 1: Acidic Nature - Esterification	https://youtu.be/43fUJXk1IG4	https://www.youtube.com/playlist?list=PLF_7kfnwLFCEllUy1_z114tXRmq7UQJlj	03_organic_chem_lectures/07_alcohols_phenols_and_ethers/05_properties_of_alcohols_1_acidic_nature_esterification.html					Keep current source / no change decided				
Organic Chemistry	"Alcohols, Phenols and Ethers (Organic Compounds containing Oxygen
							1/3)"	6	Properties of Alcohols 2: Lucas Test	https://youtu.be/omkLiGrJ7lc	https://www.youtube.com/playlist?list=PLF_7kfnwLFCEllUy1_z114tXRmq7UQJlj	03_organic_chem_lectures/07_alcohols_phenols_and_ethers/06_properties_of_alcohols_2_lucas_test.html					Keep current source / no change decided				
Organic Chemistry	"Alcohols, Phenols and Ethers (Organic Compounds containing Oxygen
							1/3)"	7	Properties of Alcohols 3: Dehydration of Alcohols	https://youtu.be/85mR5D9FdDk	https://www.youtube.com/playlist?list=PLF_7kfnwLFCEllUy1_z114tXRmq7UQJlj	03_organic_chem_lectures/07_alcohols_phenols_and_ethers/07_properties_of_alcohols_3_dehydration_of_alcohols.html					Keep current source / no change decided				
Organic Chemistry	"Alcohols, Phenols and Ethers (Organic Compounds containing Oxygen
							1/3)"	8	Properties of Alcohols 4: Oxidation of Alcohols	https://youtu.be/Stf9w6zKxA4	https://www.youtube.com/playlist?list=PLF_7kfnwLFCEllUy1_z114tXRmq7UQJlj	03_organic_chem_lectures/07_alcohols_phenols_and_ethers/08_properties_of_alcohols_4_oxidation_of_alcohols.html					Keep current source / no change decided				
Organic Chemistry	"Alcohols, Phenols and Ethers (Organic Compounds containing Oxygen
							1/3)"	9	Preparation of Phenols - All Methods	https://youtu.be/VNq80BPrpuU	https://www.youtube.com/playlist?list=PLF_7kfnwLFCEllUy1_z114tXRmq7UQJlj	03_organic_chem_lectures/07_alcohols_phenols_and_ethers/09_preparation_of_phenols_all_methods.html					Keep current source / no change decided				
Organic Chemistry	"Alcohols, Phenols and Ethers (Organic Compounds containing Oxygen
							1/3)"	10	Properties of Phenols 1: Acidic Nature of Phenols	https://youtu.be/Q9bwDMbno3w	https://www.youtube.com/playlist?list=PLF_7kfnwLFCEllUy1_z114tXRmq7UQJlj	03_organic_chem_lectures/07_alcohols_phenols_and_ethers/10_properties_of_phenols_1_acidic_nature_of_phenols.html					Keep current source / no change decided				
Organic Chemistry	"Alcohols, Phenols and Ethers (Organic Compounds containing Oxygen
							1/3)"	11	Properties of Phenols 2: Esterification & Reactions of Benzene Ring	https://youtu.be/iaPxJMoH5n0	https://www.youtube.com/playlist?list=PLF_7kfnwLFCEllUy1_z114tXRmq7UQJlj	03_organic_chem_lectures/07_alcohols_phenols_and_ethers/11_properties_of_phenols_2_esterification_reactions_of_benzene_ring.html					Keep current source / no change decided				
Organic Chemistry	"Alcohols, Phenols and Ethers (Organic Compounds containing Oxygen
							1/3)"	12	Properties of Phenols 3: Reimer-Tiemann & Kolbe's Reaction	https://youtu.be/3lV7AUXzXeI	https://www.youtube.com/playlist?list=PLF_7kfnwLFCEllUy1_z114tXRmq7UQJlj	03_organic_chem_lectures/07_alcohols_phenols_and_ethers/12_properties_of_phenols_3_reimer_tiemann_kolbes_reaction.html					Keep current source / no change decided				
Organic Chemistry	"Alcohols, Phenols and Ethers (Organic Compounds containing Oxygen
							1/3)"	13	Preparation of Ethers - Dehydration of Alcohol & Williamson Synthesis	https://youtu.be/lEWUaD8n_8Q	https://www.youtube.com/playlist?list=PLF_7kfnwLFCEllUy1_z114tXRmq7UQJlj	03_organic_chem_lectures/07_alcohols_phenols_and_ethers/13_preparation_of_ethers_dehydration_of_alcohol_williamson_synthesis.html					Keep current source / no change decided				
Organic Chemistry	"Alcohols, Phenols and Ethers (Organic Compounds containing Oxygen
							1/3)"	14	Properties of Ethers: Reaction with HI & Reaction of Aryl Ethers	https://youtu.be/1b-5HgdXFIc	https://www.youtube.com/playlist?list=PLF_7kfnwLFCEllUy1_z114tXRmq7UQJlj	03_organic_chem_lectures/07_alcohols_phenols_and_ethers/14_properties_of_ethers_reaction_with_hi_reaction_of_aryl_ethers.html					Keep current source / no change decided				
Organic Chemistry	Aldehydes and Ketones (Organic Compounds containing Oxygen 2/3)	1	Methods of Preparation of Aldehydes and Ketones	https://youtu.be/gKp1aM42VvI	https://www.youtube.com/playlist?list=PLF_7kfnwLFCHUtZnRiUbHrS5WSV0BsvSg	03_organic_chem_lectures/08_aldehydes_and_ketones/01_methods_of_preparation_of_aldehydes_and_ketones.html		Unit 17	Organic Compounds Containing Oxygen	High	Keep current source / no change decided				
Organic Chemistry	Aldehydes and Ketones (Organic Compounds containing Oxygen 2/3)	2	Preparation of Aldehydes & Ketones - Dry Distillation of Carboxylic Acids	https://youtu.be/xG2ecZqAC-c	https://www.youtube.com/playlist?list=PLF_7kfnwLFCHUtZnRiUbHrS5WSV0BsvSg	03_organic_chem_lectures/08_aldehydes_and_ketones/02_preparation_of_aldehydes_and_ketones_dry_distillation_of_carboxylic_acids.html		Unit 17	Organic Compounds Containing Oxygen	High	Keep current source / no change decided				
Organic Chemistry	Aldehydes and Ketones (Organic Compounds containing Oxygen 2/3)	3	Preparation of Aldehydes: Rosenmund's Reduction & Stephen's Reduction	https://youtu.be/if1SZqqJFhI	https://www.youtube.com/playlist?list=PLF_7kfnwLFCHUtZnRiUbHrS5WSV0BsvSg	03_organic_chem_lectures/08_aldehydes_and_ketones/03_preparation_of_aldehydes_rosenmunds_reduction_and_stephens_reduction.html		Unit 17	Organic Compounds Containing Oxygen	High	Keep current source / no change decided				
Organic Chemistry	Aldehydes and Ketones (Organic Compounds containing Oxygen 2/3)	4	Preparation of Benzaldehyde: Etard's Reaction & Gatterman Koch Reaction	https://youtu.be/RI_6YmmJQ2U	https://www.youtube.com/playlist?list=PLF_7kfnwLFCHUtZnRiUbHrS5WSV0BsvSg	03_organic_chem_lectures/08_aldehydes_and_ketones/04_preparation_of_benzaldehyde_etards_reaction_and_gatterman_koch_reaction.html		Unit 17	Organic Compounds Containing Oxygen	High	Keep current source / no change decided				
Organic Chemistry	Aldehydes and Ketones (Organic Compounds containing Oxygen 2/3)	5	Preparation Of Ketones: From Acyl Chloride and From Benzene	https://youtu.be/1tiAvZf_zLc	https://www.youtube.com/playlist?list=PLF_7kfnwLFCHUtZnRiUbHrS5WSV0BsvSg	03_organic_chem_lectures/08_aldehydes_and_ketones/05_preparation_of_ketones_from_acyl_chloride_and_from_benzene.html		Unit 17	Organic Compounds Containing Oxygen	High	Keep current source / no change decided				
Organic Chemistry	Aldehydes and Ketones (Organic Compounds containing Oxygen 2/3)	6	Properties 1: Nucleophilic Addition - Addition of HCN, Alcohols	https://youtu.be/PDd8LG1xze8	https://www.youtube.com/playlist?list=PLF_7kfnwLFCHUtZnRiUbHrS5WSV0BsvSg	03_organic_chem_lectures/08_aldehydes_and_ketones/06_properties_1_nucleophilic_addition_addition_of_hcn_alcohols.html		Unit 17	Organic Compounds Containing Oxygen	High	Keep current source / no change decided				
Organic Chemistry	Aldehydes and Ketones (Organic Compounds containing Oxygen 2/3)	7	Properties 2: Addition Of Ammonia & Ammonia Derivatives	https://youtu.be/9_nLPBKeY3g	https://www.youtube.com/playlist?list=PLF_7kfnwLFCHUtZnRiUbHrS5WSV0BsvSg	03_organic_chem_lectures/08_aldehydes_and_ketones/07_properties_2_addition_of_ammonia_and_ammonia_derivatives.html		Unit 17	Organic Compounds Containing Oxygen	High	Keep current source / no change decided				
Organic Chemistry	Aldehydes and Ketones (Organic Compounds containing Oxygen 2/3)	8	Properties 3: Reduction Of Aldehydes and Ketones	https://youtu.be/1hs9Sd_rg0M	https://www.youtube.com/playlist?list=PLF_7kfnwLFCHUtZnRiUbHrS5WSV0BsvSg	03_organic_chem_lectures/08_aldehydes_and_ketones/08_properties_3_reduction_of_aldehydes_and_ketones.html		Unit 17	Organic Compounds Containing Oxygen	High	Keep current source / no change decided				
Organic Chemistry	Aldehydes and Ketones (Organic Compounds containing Oxygen 2/3)	9	Properties 4: Tollen's Test (Silver Mirror Test) and Fehling's Test	https://youtu.be/Msqkh97bQ1Y	https://www.youtube.com/playlist?list=PLF_7kfnwLFCHUtZnRiUbHrS5WSV0BsvSg	03_organic_chem_lectures/08_aldehydes_and_ketones/09_properties_4_tollens_test_silver_mirror_test_and_fehlings_test.html		Unit 17	Organic Compounds Containing Oxygen	High	Keep current source / no change decided				
Organic Chemistry	Aldehydes and Ketones (Organic Compounds containing Oxygen 2/3)	10	Haloform Reaction || Iodoform Reaction || Iodoform Test	https://youtu.be/9kru2q_2yNw	https://www.youtube.com/playlist?list=PLF_7kfnwLFCHUtZnRiUbHrS5WSV0BsvSg	03_organic_chem_lectures/08_aldehydes_and_ketones/10_haloform_reaction_iodoform_reaction_iodoform_test.html		Unit 17	Organic Compounds Containing Oxygen	High	Keep current source / no change decided				
Organic Chemistry	Carboxylic Acids (Organic Compounds containing Oxygen 3/3)	1	Methods of Formation of Carboxylic Acid	https://youtu.be/6YPmuAgDYTU	https://www.youtube.com/playlist?list=PLuhfndjNhE1I_X2DhPRKD_GgeCLCUYPGX	03_organic_chem_lectures/09_carboxylic_acids/01_methods_of_formation_of_carboxylic_acid.html		Unit 17	Organic Compounds Containing Oxygen	High	Keep current source / no change decided				
Organic Chemistry	Carboxylic Acids (Organic Compounds containing Oxygen 3/3)	2	Reactions of Carboxylic Acid | HVZ | Hunsdecker's Reaction | Decarboxylation | Kolbe's Electrolysis	https://youtu.be/qnlD4lrOfZQ	https://www.youtube.com/playlist?list=PLuhfndjNhE1I_X2DhPRKD_GgeCLCUYPGX	03_organic_chem_lectures/09_carboxylic_acids/02_reactions_of_carboxylic_acid_hvz_hunsdeckers_reaction_decarboxylation_kolbes_electrolysis.html		Unit 17	Organic Compounds Containing Oxygen	High	Keep current source / no change decided				
Organic Chemistry	Carboxylic Acids (Organic Compounds containing Oxygen 3/3)	3	Reactions of Carboxylic Acid | Heating Effects, Wolff Rearrangement, Arndt-Eistert Synthesis	https://youtu.be/dALPdOl_vtA	https://www.youtube.com/playlist?list=PLuhfndjNhE1I_X2DhPRKD_GgeCLCUYPGX	03_organic_chem_lectures/09_carboxylic_acids/03_reactions_of_carboxylic_acid_heating_effects_wolff_rearrangement_arndt_eistert_synthesis.html		Unit 17	Organic Compounds Containing Oxygen	High	Keep current source / no change decided				
Organic Chemistry	Carboxylic Acids (Organic Compounds containing Oxygen 3/3)	4	Methods of Formation and Reactions of Derivatives of Carboxylic Acid	https://youtu.be/jT3ZGWJAL-s	https://www.youtube.com/playlist?list=PLuhfndjNhE1I_X2DhPRKD_GgeCLCUYPGX	03_organic_chem_lectures/09_carboxylic_acids/04_methods_of_formation_and_reactions_of_derivatives_of_carboxylic_acid.html		Unit 17	Organic Compounds Containing Oxygen	High	Keep current source / no change decided				
Organic Chemistry	Amines (Organic Compounds containing Nitrogen)	1	Methods of Formation of Amines 01	https://youtu.be/nLMzg1yvqcA	https://www.youtube.com/playlist?list=PLDn8sbYvjKFU3YGF515doOObaJY_YeJQU	03_organic_chem_lectures/10_amines/01_methods_of_formation_of_amines.html		Unit 18	Organic Compounds Containing Nitrogen	High	Update to JEE Wallah	AMINES in One Shot: All Concepts & PYQs Covered | JEE Main & Advanced	https://www.youtube.com/watch?v=z-E_koEXP8k	Use JEE Wallah one-shot candidate for Unit 18 if replacing non-OG coverage.	
Organic Chemistry	Amines (Organic Compounds containing Nitrogen)	2	Methods of Formation of Amines 02	https://youtu.be/7d-mBWNC3dc	https://www.youtube.com/playlist?list=PLDn8sbYvjKFU3YGF515doOObaJY_YeJQU	03_organic_chem_lectures/10_amines/02_methods_of_formation_of_amines.html		Unit 18	Organic Compounds Containing Nitrogen	High	Update to JEE Wallah	AMINES in One Shot: All Concepts & PYQs Covered | JEE Main & Advanced	https://www.youtube.com/watch?v=z-E_koEXP8k	Use JEE Wallah one-shot candidate for Unit 18 if replacing non-OG coverage.	
Organic Chemistry	Amines (Organic Compounds containing Nitrogen)	3	Beckmann's Rearrangement in Ketoximes | Amines	https://youtu.be/7xMxskg_Jps	https://www.youtube.com/playlist?list=PLDn8sbYvjKFU3YGF515doOObaJY_YeJQU	03_organic_chem_lectures/10_amines/03_beckmanns_rearrangement_in_ketoximes_amines.html		Unit 18	Organic Compounds Containing Nitrogen	High	Update to JEE Wallah	AMINES in One Shot: All Concepts & PYQs Covered | JEE Main & Advanced	https://www.youtube.com/watch?v=z-E_koEXP8k	Use JEE Wallah one-shot candidate for Unit 18 if replacing non-OG coverage.	
Organic Chemistry	Amines (Organic Compounds containing Nitrogen)	4	Chemical Reactions of Amines	https://youtu.be/v2d_jVYqdCo	https://www.youtube.com/playlist?list=PLDn8sbYvjKFU3YGF515doOObaJY_YeJQU	03_organic_chem_lectures/10_amines/04_chemical_reactions_of_amines.html		Unit 18	Organic Compounds Containing Nitrogen	High	Update to JEE Wallah	AMINES in One Shot: All Concepts & PYQs Covered | JEE Main & Advanced	https://www.youtube.com/watch?v=z-E_koEXP8k	Use JEE Wallah one-shot candidate for Unit 18 if replacing non-OG coverage.	
Organic Chemistry	Amines (Organic Compounds containing Nitrogen)	5	Some Interconversions of Functional Groups	https://youtu.be/n5kI8k1e4wk	https://www.youtube.com/playlist?list=PLDn8sbYvjKFU3YGF515doOObaJY_YeJQU	03_organic_chem_lectures/10_amines/05_some_interconversions_of_functional_groups.html		Unit 18	Organic Compounds Containing Nitrogen	High	Update to JEE Wallah	AMINES in One Shot: All Concepts & PYQs Covered | JEE Main & Advanced	https://www.youtube.com/watch?v=z-E_koEXP8k	Use JEE Wallah one-shot candidate for Unit 18 if replacing non-OG coverage.	
Organic Chemistry	Biomolecules	1	Carbohydrates definition	https://youtu.be/Iw3CIYVKLWw	https://www.youtube.com/playlist?list=PLF_7kfnwLFCHzAKa-IGFTkzNKWgHWaqe5	03_organic_chem_lectures/11_biomolecules/01_carbohydrates_definition.html		Unit 19	Biomolecules	High	Update to JEE Wallah	BIOMOLECULES in One Shot: All Concepts & PYQs Covered	https://www.youtube.com/watch?v=8hUpNyPrWaM	Use JEE Wallah one-shot candidate for Unit 19; verify exact version before locking.	
Organic Chemistry	Biomolecules	2	Reactions of glucose	https://youtu.be/zFN5Pnm8cHI	https://www.youtube.com/playlist?list=PLF_7kfnwLFCHzAKa-IGFTkzNKWgHWaqe5	03_organic_chem_lectures/11_biomolecules/02_reactions_of_glucose.html		Unit 19	Biomolecules	High	Update to JEE Wallah	BIOMOLECULES in One Shot: All Concepts & PYQs Covered	https://www.youtube.com/watch?v=8hUpNyPrWaM	Use JEE Wallah one-shot candidate for Unit 19; verify exact version before locking.	
Organic Chemistry	Biomolecules	3	Cyclic structure of glucose	https://youtu.be/_G-B4SrcHSM	https://www.youtube.com/playlist?list=PLF_7kfnwLFCHzAKa-IGFTkzNKWgHWaqe5	03_organic_chem_lectures/11_biomolecules/03_cyclic_structure_of_glucose.html		Unit 19	Biomolecules	High	Update to JEE Wallah	BIOMOLECULES in One Shot: All Concepts & PYQs Covered	https://www.youtube.com/watch?v=8hUpNyPrWaM	Use JEE Wallah one-shot candidate for Unit 19; verify exact version before locking.	
Organic Chemistry	Biomolecules	4	Fructose	https://youtu.be/y9HmWdbqVwo	https://www.youtube.com/playlist?list=PLF_7kfnwLFCHzAKa-IGFTkzNKWgHWaqe5	03_organic_chem_lectures/11_biomolecules/04_fructose.html		Unit 19	Biomolecules	High	Update to JEE Wallah	BIOMOLECULES in One Shot: All Concepts & PYQs Covered	https://www.youtube.com/watch?v=8hUpNyPrWaM	Use JEE Wallah one-shot candidate for Unit 19; verify exact version before locking.	
Organic Chemistry	Biomolecules	5	Epimer	https://youtu.be/RwtYfv_q5b4	https://www.youtube.com/playlist?list=PLF_7kfnwLFCHzAKa-IGFTkzNKWgHWaqe5	03_organic_chem_lectures/11_biomolecules/05_epimer.html		Unit 19	Biomolecules	High	Update to JEE Wallah	BIOMOLECULES in One Shot: All Concepts & PYQs Covered	https://www.youtube.com/watch?v=8hUpNyPrWaM	Use JEE Wallah one-shot candidate for Unit 19; verify exact version before locking.	
Organic Chemistry	Biomolecules	6	Diasaccharides	https://youtu.be/nbkhpJqPVk8	https://www.youtube.com/playlist?list=PLF_7kfnwLFCHzAKa-IGFTkzNKWgHWaqe5	03_organic_chem_lectures/11_biomolecules/06_diasaccharides.html		Unit 19	Biomolecules	High	Update to JEE Wallah	BIOMOLECULES in One Shot: All Concepts & PYQs Covered	https://www.youtube.com/watch?v=8hUpNyPrWaM	Use JEE Wallah one-shot candidate for Unit 19; verify exact version before locking.	
Organic Chemistry	Biomolecules	7	Polysaccharides	https://youtu.be/lPatIdjWFus	https://www.youtube.com/playlist?list=PLF_7kfnwLFCHzAKa-IGFTkzNKWgHWaqe5	03_organic_chem_lectures/11_biomolecules/07_polysaccharides.html		Unit 19	Biomolecules	High	Update to JEE Wallah	BIOMOLECULES in One Shot: All Concepts & PYQs Covered	https://www.youtube.com/watch?v=8hUpNyPrWaM	Use JEE Wallah one-shot candidate for Unit 19; verify exact version before locking.	
Organic Chemistry	Biomolecules	8	Introduction of amino acids	https://youtu.be/H74wQQ7deQQ	https://www.youtube.com/playlist?list=PLF_7kfnwLFCHzAKa-IGFTkzNKWgHWaqe5	03_organic_chem_lectures/11_biomolecules/08_introduction_of_amino_acids.html		Unit 19	Biomolecules	High	Update to JEE Wallah	BIOMOLECULES in One Shot: All Concepts & PYQs Covered	https://www.youtube.com/watch?v=8hUpNyPrWaM	Use JEE Wallah one-shot candidate for Unit 19; verify exact version before locking.	
Organic Chemistry	Biomolecules	9	Structures of amino acids	https://youtu.be/Yx8F2AeD30g	https://www.youtube.com/playlist?list=PLF_7kfnwLFCHzAKa-IGFTkzNKWgHWaqe5	03_organic_chem_lectures/11_biomolecules/09_structures_of_amino_acids.html		Unit 19	Biomolecules	High	Update to JEE Wallah	BIOMOLECULES in One Shot: All Concepts & PYQs Covered	https://www.youtube.com/watch?v=8hUpNyPrWaM	Use JEE Wallah one-shot candidate for Unit 19; verify exact version before locking.	
Organic Chemistry	Biomolecules	10	Dipole structure of amino acids	https://youtu.be/hQ7vFEEjMw4	https://www.youtube.com/playlist?list=PLF_7kfnwLFCHzAKa-IGFTkzNKWgHWaqe5	03_organic_chem_lectures/11_biomolecules/10_dipole_structure_of_amino_acids.html		Unit 19	Biomolecules	High	Update to JEE Wallah	BIOMOLECULES in One Shot: All Concepts & PYQs Covered	https://www.youtube.com/watch?v=8hUpNyPrWaM	Use JEE Wallah one-shot candidate for Unit 19; verify exact version before locking.	
Organic Chemistry	Biomolecules	11	Formation and chemical reactions of amino acids | peptides	https://youtu.be/sLrzSwUgNx0	https://www.youtube.com/playlist?list=PLF_7kfnwLFCHzAKa-IGFTkzNKWgHWaqe5	03_organic_chem_lectures/11_biomolecules/11_formation_and_chemical_reactions_of_amino_acids_peptides.html		Unit 19	Biomolecules	High	Update to JEE Wallah	BIOMOLECULES in One Shot: All Concepts & PYQs Covered	https://www.youtube.com/watch?v=8hUpNyPrWaM	Use JEE Wallah one-shot candidate for Unit 19; verify exact version before locking.	
Organic Chemistry	Biomolecules	12	Proteins | nucleic acids | chemical structure of DNA, RNA	https://youtu.be/54QBO2UEgNU	https://www.youtube.com/playlist?list=PLF_7kfnwLFCHzAKa-IGFTkzNKWgHWaqe5	03_organic_chem_lectures/11_biomolecules/12_proteins_nucleic_acids_chemical_structure_of_dna_rna.html		Unit 19	Biomolecules	High	Update to JEE Wallah	BIOMOLECULES in One Shot: All Concepts & PYQs Covered	https://www.youtube.com/watch?v=8hUpNyPrWaM	Use JEE Wallah one-shot candidate for Unit 19; verify exact version before locking.	
Practical Chemistry	Principles related to practical chemistry : qualitative analysis	1	Introduction of Qualitative Analysis	https://youtu.be/0QXlDP5RQ_4	https://www.youtube.com/playlist?list=PL_A4M5IAkMacB98GRxBk6Fs96_WwbyQdS	04_practical_chemistry_lectures/01_qualitative_analysis/01_introduction_of_qualitative_analysis.html		Unit 20	Principles Related to Practical Chemistry	Partial	Partially update to JEE Wallah	SALT ANALYSIS in One Shot: All Concepts & PYQs Covered	https://www.youtube.com/watch?v=8rRnn4ECwXI	Only clearly covers salt analysis part of Unit 20. Practical preparations/titrations/experiments still need source check.	
Practical Chemistry	Principles related to practical chemistry : qualitative analysis	2	Dry Heating Test	https://youtu.be/0PfPzZbaO9I	https://www.youtube.com/playlist?list=PL_A4M5IAkMacB98GRxBk6Fs96_WwbyQdS	04_practical_chemistry_lectures/01_qualitative_analysis/02_dry_heating_test.html		Unit 20	Principles Related to Practical Chemistry	Partial	Partially update to JEE Wallah	SALT ANALYSIS in One Shot: All Concepts & PYQs Covered	https://www.youtube.com/watch?v=8rRnn4ECwXI	Only clearly covers salt analysis part of Unit 20. Practical preparations/titrations/experiments still need source check.	
Practical Chemistry	Principles related to practical chemistry : qualitative analysis	3	Charcoal Cavity Test	https://youtu.be/ipKhWSGDxlM	https://www.youtube.com/playlist?list=PL_A4M5IAkMacB98GRxBk6Fs96_WwbyQdS	04_practical_chemistry_lectures/01_qualitative_analysis/03_charcoal_cavity_test.html		Unit 20	Principles Related to Practical Chemistry	Partial	Partially update to JEE Wallah	SALT ANALYSIS in One Shot: All Concepts & PYQs Covered	https://www.youtube.com/watch?v=8rRnn4ECwXI	Only clearly covers salt analysis part of Unit 20. Practical preparations/titrations/experiments still need source check.	
Practical Chemistry	Principles related to practical chemistry : qualitative analysis	4	Borax Bead Test	https://youtu.be/imrJh4vefpE	https://www.youtube.com/playlist?list=PL_A4M5IAkMacB98GRxBk6Fs96_WwbyQdS	04_practical_chemistry_lectures/01_qualitative_analysis/04_borax_bead_test.html		Unit 20	Principles Related to Practical Chemistry	Partial	Partially update to JEE Wallah	SALT ANALYSIS in One Shot: All Concepts & PYQs Covered	https://www.youtube.com/watch?v=8rRnn4ECwXI	Only clearly covers salt analysis part of Unit 20. Practical preparations/titrations/experiments still need source check.	
Practical Chemistry	Principles related to practical chemistry : qualitative analysis	5	Salt Analysis | Solubility of Salts in Water	https://youtu.be/SxmiAYI5zO8	https://www.youtube.com/playlist?list=PL_A4M5IAkMacB98GRxBk6Fs96_WwbyQdS	04_practical_chemistry_lectures/01_qualitative_analysis/05_salt_analysis_solubility_of_salts_in_water.html		Unit 20	Principles Related to Practical Chemistry	Partial	Partially update to JEE Wallah	SALT ANALYSIS in One Shot: All Concepts & PYQs Covered	https://www.youtube.com/watch?v=8rRnn4ECwXI	Only clearly covers salt analysis part of Unit 20. Practical preparations/titrations/experiments still need source check.	
Practical Chemistry	Principles related to practical chemistry : qualitative analysis	6	Sodium Carbonate Extract | Phenolphthalein Test	https://youtu.be/xtD_doWHGY0	https://www.youtube.com/playlist?list=PL_A4M5IAkMacB98GRxBk6Fs96_WwbyQdS	04_practical_chemistry_lectures/01_qualitative_analysis/06_sodium_carbonate_extract_phenolphthalein_test.html		Unit 20	Principles Related to Practical Chemistry	Partial	Partially update to JEE Wallah	SALT ANALYSIS in One Shot: All Concepts & PYQs Covered	https://www.youtube.com/watch?v=8rRnn4ECwXI	Only clearly covers salt analysis part of Unit 20. Practical preparations/titrations/experiments still need source check.	
Practical Chemistry	Principles related to practical chemistry : qualitative analysis	7	Sulphite Ion	https://youtu.be/Zv6XphkBIS8	https://www.youtube.com/playlist?list=PL_A4M5IAkMacB98GRxBk6Fs96_WwbyQdS	04_practical_chemistry_lectures/01_qualitative_analysis/07_sulphite_ion.html		Unit 20	Principles Related to Practical Chemistry	Partial	Partially update to JEE Wallah	SALT ANALYSIS in One Shot: All Concepts & PYQs Covered	https://www.youtube.com/watch?v=8rRnn4ECwXI	Only clearly covers salt analysis part of Unit 20. Practical preparations/titrations/experiments still need source check.	
Practical Chemistry	Principles related to practical chemistry : qualitative analysis	8	Sulphide Ion	https://youtu.be/vGpeBK2WlB8	https://www.youtube.com/playlist?list=PL_A4M5IAkMacB98GRxBk6Fs96_WwbyQdS	04_practical_chemistry_lectures/01_qualitative_analysis/08_sulphide_ion.html		Unit 20	Principles Related to Practical Chemistry	Partial	Partially update to JEE Wallah	SALT ANALYSIS in One Shot: All Concepts & PYQs Covered	https://www.youtube.com/watch?v=8rRnn4ECwXI	Only clearly covers salt analysis part of Unit 20. Practical preparations/titrations/experiments still need source check.	
Practical Chemistry	Principles related to practical chemistry : qualitative analysis	9	Nitrite Ion	https://youtu.be/HdEaBPC5kkg	https://www.youtube.com/playlist?list=PL_A4M5IAkMacB98GRxBk6Fs96_WwbyQdS	04_practical_chemistry_lectures/01_qualitative_analysis/09_nitrite_ion.html		Unit 20	Principles Related to Practical Chemistry	Partial	Partially update to JEE Wallah	SALT ANALYSIS in One Shot: All Concepts & PYQs Covered	https://www.youtube.com/watch?v=8rRnn4ECwXI	Only clearly covers salt analysis part of Unit 20. Practical preparations/titrations/experiments still need source check.	
Practical Chemistry	Principles related to practical chemistry : qualitative analysis	10	Acetate Ion | Thiosulphate Ion	https://youtu.be/NA6LS387-NM	https://www.youtube.com/playlist?list=PL_A4M5IAkMacB98GRxBk6Fs96_WwbyQdS	04_practical_chemistry_lectures/01_qualitative_analysis/10_acetate_ion_thiosulphate_ion.html		Unit 20	Principles Related to Practical Chemistry	Partial	Partially update to JEE Wallah	SALT ANALYSIS in One Shot: All Concepts & PYQs Covered	https://www.youtube.com/watch?v=8rRnn4ECwXI	Only clearly covers salt analysis part of Unit 20. Practical preparations/titrations/experiments still need source check.	
Practical Chemistry	Principles related to practical chemistry : qualitative analysis	11	Chloride, Bromide, Iodide (1/2)	https://youtu.be/jLhg9v-OHkQ	https://www.youtube.com/playlist?list=PL_A4M5IAkMacB98GRxBk6Fs96_WwbyQdS	04_practical_chemistry_lectures/01_qualitative_analysis/11_chloride_bromide_iodide_1.html		Unit 20	Principles Related to Practical Chemistry	Partial	Partially update to JEE Wallah	SALT ANALYSIS in One Shot: All Concepts & PYQs Covered	https://www.youtube.com/watch?v=8rRnn4ECwXI	Only clearly covers salt analysis part of Unit 20. Practical preparations/titrations/experiments still need source check.	
Practical Chemistry	Principles related to practical chemistry : qualitative analysis	12	Chloride, Bromide, Iodide (2/2)	https://youtu.be/rbgjPUFlgD8	https://www.youtube.com/playlist?list=PL_A4M5IAkMacB98GRxBk6Fs96_WwbyQdS	04_practical_chemistry_lectures/01_qualitative_analysis/12_chloride_bromide_iodide_2.html		Unit 20	Principles Related to Practical Chemistry	Partial	Partially update to JEE Wallah	SALT ANALYSIS in One Shot: All Concepts & PYQs Covered	https://www.youtube.com/watch?v=8rRnn4ECwXI	Only clearly covers salt analysis part of Unit 20. Practical preparations/titrations/experiments still need source check.	
Practical Chemistry	Principles related to practical chemistry : qualitative analysis	13	Anions | Iodide Ion	https://youtu.be/F4jEaGY7W1E	https://www.youtube.com/playlist?list=PL_A4M5IAkMacB98GRxBk6Fs96_WwbyQdS	04_practical_chemistry_lectures/01_qualitative_analysis/13_anions_iodide_ion.html		Unit 20	Principles Related to Practical Chemistry	Partial	Partially update to JEE Wallah	SALT ANALYSIS in One Shot: All Concepts & PYQs Covered	https://www.youtube.com/watch?v=8rRnn4ECwXI	Only clearly covers salt analysis part of Unit 20. Practical preparations/titrations/experiments still need source check.	
Practical Chemistry	Principles related to practical chemistry : qualitative analysis	14	Anions | Nitrate Ion	https://youtu.be/UGbDr79v1E0	https://www.youtube.com/playlist?list=PL_A4M5IAkMacB98GRxBk6Fs96_WwbyQdS	04_practical_chemistry_lectures/01_qualitative_analysis/14_anions_nitrate_ion.html		Unit 20	Principles Related to Practical Chemistry	Partial	Partially update to JEE Wallah	SALT ANALYSIS in One Shot: All Concepts & PYQs Covered	https://www.youtube.com/watch?v=8rRnn4ECwXI	Only clearly covers salt analysis part of Unit 20. Practical preparations/titrations/experiments still need source check.	
Practical Chemistry	Principles related to practical chemistry : qualitative analysis	15	Oxalate Ion | Sulphate Ion	https://youtu.be/DpNvSG0dDJs	https://www.youtube.com/playlist?list=PL_A4M5IAkMacB98GRxBk6Fs96_WwbyQdS	04_practical_chemistry_lectures/15_oxalate_ion_sulphate_ion.html		Unit 20	Principles Related to Practical Chemistry	Partial	Partially update to JEE Wallah	SALT ANALYSIS in One Shot: All Concepts & PYQs Covered	https://www.youtube.com/watch?v=8rRnn4ECwXI	Only clearly covers salt analysis part of Unit 20. Practical preparations/titrations/experiments still need source check.	
Practical Chemistry	Principles related to practical chemistry : qualitative analysis	16	Phosphate Ion | Borate Ion	https://youtu.be/p7SMkHKyAKI	https://www.youtube.com/playlist?list=PL_A4M5IAkMacB98GRxBk6Fs96_WwbyQdS	04_practical_chemistry_lectures/16_phosphate_ion_borate_ion.html		Unit 20	Principles Related to Practical Chemistry	Partial	Partially update to JEE Wallah	SALT ANALYSIS in One Shot: All Concepts & PYQs Covered	https://www.youtube.com/watch?v=8rRnn4ECwXI	Only clearly covers salt analysis part of Unit 20. Practical preparations/titrations/experiments still need source check.	
															